[38;2;30;30;60m[48;2;30;30;60m▄[0m[38;2;30;30;60m[48;2;30;30;60m▄[0m[38;2;30;30;60m[48;2;30;30;60m▄[0m[38;2;30;30;60m[48;2;30;30;60m▄[0m[38;2;30;30;60m[48;2;30;30;60m▄[0m[38;2;30;30;60m[48;2;30;30;60m▄[0m[38;2;30;30;60m[48;2;30;30;60m▄[0m[38;2;30;30;60m[48;2;30;30;60m▄[0m[38;2;30;30;60m[48;2;30;30;60m▄[0m[38;2;30;30;60m[48;2;30;30;60m▄[0m[38;2;30;30;60m[48;2;30;30;60m▄[0m[38;2;30;30;60m[48;2;30;30;60m▄[0m[38;2;30;30;60m[48;2;30;30;60m▄[0m[38;2;30;30;60m[48;2;30;30;60m▄[0m[38;2;30;30;60m[48;2;30;30;60m▄[0m[38;2;30;30;60m[48;2;30;30;60m▄[0m[38;2;30;30;60m[48;2;30;30;60m▄[0m[38;2;30;30;60m[48;2;30;30;60m▄[0m[38;2;30;30;60m[48;2;30;30;60m▄[0m[38;2;30;30;60m[48;2;30;30;60m▄[0m[38;2;30;30;60m[48;2;30;30;60m▄[0m[38;2;30;30;60m[48;2;30;30;60m▄[0m[38;2;30;30;60m[48;2;30;30;60m▄[0m[38;2;30;30;60m[48;2;30;30;60m▄[0m[38;2;30;30;60m[48;2;30;30;60m▄[0m[38;2;30;30;60m[48;2;30;30;60m▄[0m[38;2;30;30;60m[48;2;30;30;60m▄[0m[38;2;30;30;60m[48;2;30;30;60m▄[0m[38;2;30;30;60m[48;2;30;30;60m▄[0m[38;2;30;30;60m[48;2;30;30;60m▄[0m[38;2;30;30;60m[48;2;30;30;60m▄[0m[38;2;30;30;60m[48;2;30;30;60m▄[0m[38;2;30;30;60m[48;2;30;30;60m▄[0m[38;2;30;30;60m[48;2;30;30;60m▄[0m[38;2;30;30;60m[48;2;30;30;60m▄[0m[38;2;30;30;60m[48;2;30;30;60m▄[0m[38;2;30;30;60m[48;2;30;30;60m▄[0m[38;2;30;30;60m[48;2;30;30;60m▄[0m[38;2;30;30;60m[48;2;30;30;60m▄[0m[38;2;30;30;60m[48;2;30;30;60m▄[0m[38;2;30;30;60m[48;2;30;30;60m▄[0m[38;2;30;30;60m[48;2;30;30;60m▄[0m[38;2;30;30;60m[48;2;30;30;60m▄[0m[38;2;30;30;60m[48;2;30;30;60m▄[0m[38;2;30;30;60m[48;2;30;30;60m▄[0m[38;2;30;30;60m[48;2;30;30;60m▄[0m[38;2;30;30;60m[48;2;30;30;60m▄[0m[38;2;30;30;60m[48;2;30;30;60m▄[0m[38;2;30;30;60m[48;2;30;30;60m▄[0m[38;2;30;30;60m[48;2;30;30;60m▄[0m[38;2;30;30;60m[48;2;30;30;60m▄[0m[38;2;30;30;60m[48;2;30;30;60m▄[0m[38;2;30;30;60m[48;2;30;30;60m▄[0m[38;2;30;30;60m[48;2;30;30;60m▄[0m[38;2;30;30;60m[48;2;30;30;60m▄[0m[38;2;30;30;60m[48;2;30;30;60m▄[0m[38;2;30;30;60m[48;2;30;30;60m▄[0m[38;2;30;30;60m[48;2;30;30;60m▄[0m[38;2;30;30;60m[48;2;30;30;60m▄[0m[38;2;30;30;60m[48;2;30;30;60m▄[0m[38;2;30;30;60m[48;2;30;30;60m▄[0m[38;2;30;30;60m[48;2;30;30;60m▄[0m[38;2;30;30;60m[48;2;30;30;60m▄[0m[38;2;30;30;60m[48;2;30;30;60m▄[0m[38;2;30;30;60m[48;2;30;30;60m▄[0m[38;2;30;30;60m[48;2;30;30;60m▄[0m[38;2;30;30;60m[48;2;30;30;60m▄[0m[38;2;30;30;60m[48;2;30;30;60m▄[0m[38;2;30;30;60m[48;2;30;30;60m▄[0m[38;2;30;30;60m[48;2;30;30;60m▄[0m[38;2;30;30;60m[48;2;30;30;60m▄[0m[38;2;30;30;60m[48;2;30;30;60m▄[0m[38;2;30;30;60m[48;2;30;30;60m▄[0m[38;2;30;30;60m[48;2;30;30;60m▄[0m[38;2;30;30;60m[48;2;30;30;60m▄[0m[38;2;30;30;60m[48;2;30;30;60m▄[0m[38;2;30;30;60m[48;2;30;30;60m▄[0m[38;2;30;30;60m[48;2;30;30;60m▄[0m[38;2;30;30;60m[48;2;30;30;60m▄[0m[38;2;30;30;60m[48;2;30;30;60m▄[0m
[38;2;30;30;60m[48;2;30;30;60m▄[0m[38;2;30;30;60m[48;2;30;30;60m▄[0m[38;2;30;30;60m[48;2;30;30;60m▄[0m[38;2;30;30;60m[48;2;30;30;60m▄[0m[38;2;30;30;60m[48;2;30;30;60m▄[0m[38;2;30;30;60m[48;2;30;30;60m▄[0m[38;2;30;30;60m[48;2;30;30;60m▄[0m[38;2;30;30;60m[48;2;30;30;60m▄[0m[38;2;30;30;60m[48;2;30;30;60m▄[0m[38;2;30;30;60m[48;2;30;30;60m▄[0m[38;2;30;30;60m[48;2;30;30;60m▄[0m[38;2;30;30;60m[48;2;30;30;60m▄[0m[38;2;30;30;60m[48;2;30;30;60m▄[0m[38;2;30;30;60m[48;2;30;30;60m▄[0m[38;2;30;30;60m[48;2;30;30;60m▄[0m[38;2;30;30;60m[48;2;30;30;60m▄[0m[38;2;30;30;60m[48;2;30;30;60m▄[0m[38;2;30;30;60m[48;2;30;30;60m▄[0m[38;2;30;30;60m[48;2;30;30;60m▄[0m[38;2;30;30;60m[48;2;30;30;60m▄[0m[38;2;30;30;60m[48;2;30;30;60m▄[0m[38;2;30;30;60m[48;2;30;30;60m▄[0m[38;2;30;30;60m[48;2;30;30;60m▄[0m[38;2;30;30;60m[48;2;30;30;60m▄[0m[38;2;30;30;60m[48;2;30;30;60m▄[0m[38;2;30;30;60m[48;2;30;30;60m▄[0m[38;2;30;30;60m[48;2;30;30;60m▄[0m[38;2;30;30;60m[48;2;30;30;60m▄[0m[38;2;30;30;60m[48;2;30;30;60m▄[0m[38;2;30;30;60m[48;2;30;30;60m▄[0m[38;2;30;30;60m[48;2;30;30;60m▄[0m[38;2;30;30;60m[48;2;30;30;60m▄[0m[38;2;30;30;60m[48;2;30;30;60m▄[0m[38;2;30;30;60m[48;2;30;30;60m▄[0m[38;2;30;30;60m[48;2;30;30;60m▄[0m[38;2;30;30;60m[48;2;30;30;60m▄[0m[38;2;30;30;60m[48;2;30;30;60m▄[0m[38;2;30;30;60m[48;2;30;30;60m▄[0m[38;2;30;30;60m[48;2;30;30;60m▄[0m[38;2;30;30;60m[48;2;30;30;60m▄[0m[38;2;30;30;60m[48;2;30;30;60m▄[0m[38;2;30;30;60m[48;2;30;30;60m▄[0m[38;2;30;30;60m[48;2;30;30;60m▄[0m[38;2;30;30;60m[48;2;30;30;60m▄[0m[38;2;30;30;60m[48;2;30;30;60m▄[0m[38;2;30;30;60m[48;2;30;30;60m▄[0m[38;2;30;30;60m[48;2;30;30;60m▄[0m[38;2;30;30;60m[48;2;30;30;60m▄[0m[38;2;30;30;60m[48;2;30;30;60m▄[0m[38;2;30;30;60m[48;2;30;30;60m▄[0m[38;2;30;30;60m[48;2;30;30;60m▄[0m[38;2;30;30;60m[48;2;30;30;60m▄[0m[38;2;30;30;60m[48;2;30;30;60m▄[0m[38;2;30;30;60m[48;2;30;30;60m▄[0m[38;2;30;30;60m[48;2;30;30;60m▄[0m[38;2;30;30;60m[48;2;30;30;60m▄[0m[38;2;30;30;60m[48;2;30;30;60m▄[0m[38;2;30;30;60m[48;2;30;30;60m▄[0m[38;2;30;30;60m[48;2;30;30;60m▄[0m[38;2;30;30;60m[48;2;30;30;60m▄[0m[38;2;30;30;60m[48;2;30;30;60m▄[0m[38;2;30;30;60m[48;2;30;30;60m▄[0m[38;2;30;30;60m[48;2;30;30;60m▄[0m[38;2;30;30;60m[48;2;30;30;60m▄[0m[38;2;30;30;60m[48;2;30;30;60m▄[0m[38;2;30;30;60m[48;2;30;30;60m▄[0m[38;2;30;30;60m[48;2;30;30;60m▄[0m[38;2;30;30;60m[48;2;30;30;60m▄[0m[38;2;30;30;60m[48;2;30;30;60m▄[0m[38;2;30;30;60m[48;2;30;30;60m▄[0m[38;2;30;30;60m[48;2;30;30;60m▄[0m[38;2;30;30;60m[48;2;30;30;60m▄[0m[38;2;30;30;60m[48;2;30;30;60m▄[0m[38;2;30;30;60m[48;2;30;30;60m▄[0m[38;2;30;30;60m[48;2;30;30;60m▄[0m[38;2;30;30;60m[48;2;30;30;60m▄[0m[38;2;30;30;60m[48;2;30;30;60m▄[0m[38;2;30;30;60m[48;2;30;30;60m▄[0m[38;2;30;30;60m[48;2;30;30;60m▄[0m[38;2;30;30;60m[48;2;30;30;60m▄[0m
[38;2;30;30;60m[48;2;30;30;60m▄[0m[38;2;30;30;60m[48;2;30;30;60m▄[0m[38;2;30;30;60m[48;2;30;30;60m▄[0m[38;2;30;30;60m[48;2;30;30;60m▄[0m[38;2;30;30;60m[48;2;30;30;60m▄[0m[38;2;30;30;60m[48;2;30;30;60m▄[0m[38;2;30;30;60m[48;2;30;30;60m▄[0m[38;2;30;30;60m[48;2;30;30;60m▄[0m[38;2;30;30;60m[48;2;30;30;60m▄[0m[38;2;30;30;60m[48;2;30;30;60m▄[0m[38;2;30;30;60m[48;2;30;30;60m▄[0m[38;2;30;30;60m[48;2;30;30;60m▄[0m[38;2;30;30;60m[48;2;30;30;60m▄[0m[38;2;30;30;60m[48;2;30;30;60m▄[0m[38;2;30;30;60m[48;2;30;30;60m▄[0m[38;2;30;30;60m[48;2;30;30;60m▄[0m[38;2;30;30;60m[48;2;30;30;60m▄[0m[38;2;30;30;60m[48;2;30;30;60m▄[0m[38;2;30;30;60m[48;2;30;30;60m▄[0m[38;2;30;30;60m[48;2;30;30;60m▄[0m[38;2;30;30;60m[48;2;30;30;60m▄[0m[38;2;30;30;60m[48;2;30;30;60m▄[0m[38;2;30;30;60m[48;2;30;30;60m▄[0m[38;2;30;30;60m[48;2;30;30;60m▄[0m[38;2;30;30;60m[48;2;30;30;60m▄[0m[38;2;30;30;60m[48;2;30;30;60m▄[0m[38;2;30;30;60m[48;2;30;30;60m▄[0m[38;2;30;30;60m[48;2;30;30;60m▄[0m[38;2;30;30;60m[48;2;30;30;60m▄[0m[38;2;30;30;60m[48;2;30;30;60m▄[0m[38;2;30;30;60m[48;2;30;30;60m▄[0m[38;2;30;30;60m[48;2;30;30;60m▄[0m[38;2;30;30;60m[48;2;30;30;60m▄[0m[38;2;30;30;60m[48;2;30;30;60m▄[0m[38;2;30;30;60m[48;2;30;30;60m▄[0m[38;2;30;30;60m[48;2;30;30;60m▄[0m[38;2;30;30;60m[48;2;30;30;60m▄[0m[38;2;30;30;60m[48;2;30;30;60m▄[0m[38;2;30;30;60m[48;2;30;30;60m▄[0m[38;2;30;30;60m[48;2;30;30;60m▄[0m[38;2;30;30;60m[48;2;30;30;60m▄[0m[38;2;30;30;60m[48;2;30;30;60m▄[0m[38;2;30;30;60m[48;2;30;30;60m▄[0m[38;2;30;30;60m[48;2;30;30;60m▄[0m[38;2;30;30;60m[48;2;30;30;60m▄[0m[38;2;30;30;60m[48;2;30;30;60m▄[0m[38;2;30;30;60m[48;2;30;30;60m▄[0m[38;2;30;30;60m[48;2;30;30;60m▄[0m[38;2;30;30;60m[48;2;30;30;60m▄[0m[38;2;30;30;60m[48;2;30;30;60m▄[0m[38;2;30;30;60m[48;2;30;30;60m▄[0m[38;2;30;30;60m[48;2;30;30;60m▄[0m[38;2;30;30;60m[48;2;30;30;60m▄[0m[38;2;30;30;60m[48;2;30;30;60m▄[0m[38;2;30;30;60m[48;2;30;30;60m▄[0m[38;2;30;30;60m[48;2;30;30;60m▄[0m[38;2;30;30;60m[48;2;30;30;60m▄[0m[38;2;30;30;60m[48;2;30;30;60m▄[0m[38;2;30;30;60m[48;2;30;30;60m▄[0m[38;2;30;30;60m[48;2;30;30;60m▄[0m[38;2;30;30;60m[48;2;30;30;60m▄[0m[38;2;30;30;60m[48;2;30;30;60m▄[0m[38;2;30;30;60m[48;2;30;30;60m▄[0m[38;2;30;30;60m[48;2;30;30;60m▄[0m[38;2;30;30;60m[48;2;30;30;60m▄[0m[38;2;30;30;60m[48;2;30;30;60m▄[0m[38;2;30;30;60m[48;2;30;30;60m▄[0m[38;2;30;30;60m[48;2;30;30;60m▄[0m[38;2;30;30;60m[48;2;30;30;60m▄[0m[38;2;30;30;60m[48;2;30;30;60m▄[0m[38;2;30;30;60m[48;2;30;30;60m▄[0m[38;2;30;30;60m[48;2;30;30;60m▄[0m[38;2;30;30;60m[48;2;30;30;60m▄[0m[38;2;30;30;60m[48;2;30;30;60m▄[0m[38;2;30;30;60m[48;2;30;30;60m▄[0m[38;2;30;30;60m[48;2;30;30;60m▄[0m[38;2;30;30;60m[48;2;30;30;60m▄[0m[38;2;30;30;60m[48;2;30;30;60m▄[0m[38;2;30;30;60m[48;2;30;30;60m▄[0m[38;2;30;30;60m[48;2;30;30;60m▄[0m
[38;2;30;30;60m[48;2;30;30;60m▄[0m[38;2;30;30;60m[48;2;30;30;60m▄[0m[38;2;30;30;60m[48;2;30;30;60m▄[0m[38;2;30;30;60m[48;2;30;30;60m▄[0m[38;2;30;30;60m[48;2;30;30;60m▄[0m[38;2;30;30;60m[48;2;30;30;60m▄[0m[38;2;30;30;60m[48;2;30;30;60m▄[0m[38;2;30;30;60m[48;2;30;30;60m▄[0m[38;2;30;30;60m[48;2;30;30;60m▄[0m[38;2;30;30;60m[48;2;30;30;60m▄[0m[38;2;30;30;60m[48;2;30;30;60m▄[0m[38;2;30;30;60m[48;2;30;30;60m▄[0m[38;2;30;30;60m[48;2;30;30;60m▄[0m[38;2;30;30;60m[48;2;30;30;60m▄[0m[38;2;30;30;60m[48;2;30;30;60m▄[0m[38;2;30;30;60m[48;2;30;30;60m▄[0m[38;2;30;30;60m[48;2;30;30;60m▄[0m[38;2;30;30;60m[48;2;30;30;60m▄[0m[38;2;30;30;60m[48;2;30;30;60m▄[0m[38;2;30;30;60m[48;2;30;30;60m▄[0m[38;2;30;30;60m[48;2;30;30;60m▄[0m[38;2;30;30;60m[48;2;30;30;60m▄[0m[38;2;30;30;60m[48;2;30;30;60m▄[0m[38;2;30;30;60m[48;2;30;30;60m▄[0m[38;2;30;30;60m[48;2;30;30;60m▄[0m[38;2;30;30;60m[48;2;30;30;60m▄[0m[38;2;30;30;60m[48;2;30;30;60m▄[0m[38;2;30;30;60m[48;2;30;30;60m▄[0m[38;2;30;30;60m[48;2;30;30;60m▄[0m[38;2;30;30;60m[48;2;30;30;60m▄[0m[38;2;30;30;60m[48;2;30;30;60m▄[0m[38;2;30;30;60m[48;2;30;30;60m▄[0m[38;2;30;30;60m[48;2;30;30;60m▄[0m[38;2;30;30;60m[48;2;30;30;60m▄[0m[38;2;30;30;60m[48;2;30;30;60m▄[0m[38;2;30;30;60m[48;2;30;30;60m▄[0m[38;2;30;30;60m[48;2;30;30;60m▄[0m[38;2;30;30;60m[48;2;30;30;60m▄[0m[38;2;30;30;60m[48;2;30;30;60m▄[0m[38;2;30;30;60m[48;2;30;30;60m▄[0m[38;2;30;30;60m[48;2;30;30;60m▄[0m[38;2;30;30;60m[48;2;30;30;60m▄[0m[38;2;30;30;60m[48;2;30;30;60m▄[0m[38;2;30;30;60m[48;2;30;30;60m▄[0m[38;2;30;30;60m[48;2;30;30;60m▄[0m[38;2;30;30;60m[48;2;30;30;60m▄[0m[38;2;30;30;60m[48;2;30;30;60m▄[0m[38;2;30;30;60m[48;2;30;30;60m▄[0m[38;2;30;30;60m[48;2;30;30;60m▄[0m[38;2;30;30;60m[48;2;30;30;60m▄[0m[38;2;30;30;60m[48;2;30;30;60m▄[0m[38;2;30;30;60m[48;2;30;30;60m▄[0m[38;2;30;30;60m[48;2;30;30;60m▄[0m[38;2;30;30;60m[48;2;30;30;60m▄[0m[38;2;30;30;60m[48;2;30;30;60m▄[0m[38;2;30;30;60m[48;2;30;30;60m▄[0m[38;2;30;30;60m[48;2;30;30;60m▄[0m[38;2;30;30;60m[48;2;30;30;60m▄[0m[38;2;30;30;60m[48;2;30;30;60m▄[0m[38;2;30;30;60m[48;2;30;30;60m▄[0m[38;2;30;30;60m[48;2;30;30;60m▄[0m[38;2;30;30;60m[48;2;30;30;60m▄[0m[38;2;30;30;60m[48;2;30;30;60m▄[0m[38;2;30;30;60m[48;2;30;30;60m▄[0m[38;2;30;30;60m[48;2;30;30;60m▄[0m[38;2;30;30;60m[48;2;30;30;60m▄[0m[38;2;30;30;60m[48;2;30;30;60m▄[0m[38;2;30;30;60m[48;2;30;30;60m▄[0m[38;2;30;30;60m[48;2;30;30;60m▄[0m[38;2;30;30;60m[48;2;30;30;60m▄[0m[38;2;30;30;60m[48;2;30;30;60m▄[0m[38;2;30;30;60m[48;2;30;30;60m▄[0m[38;2;30;30;60m[48;2;30;30;60m▄[0m[38;2;30;30;60m[48;2;30;30;60m▄[0m[38;2;30;30;60m[48;2;30;30;60m▄[0m[38;2;30;30;60m[48;2;30;30;60m▄[0m[38;2;30;30;60m[48;2;30;30;60m▄[0m[38;2;30;30;60m[48;2;30;30;60m▄[0m[38;2;30;30;60m[48;2;30;30;60m▄[0m[38;2;30;30;60m[48;2;30;30;60m▄[0m
[38;2;30;30;60m[48;2;30;30;60m▄[0m[38;2;30;30;60m[48;2;30;30;60m▄[0m[38;2;30;30;60m[48;2;30;30;60m▄[0m[38;2;30;30;60m[48;2;30;30;60m▄[0m[38;2;30;30;60m[48;2;30;30;60m▄[0m[38;2;30;30;60m[48;2;30;30;60m▄[0m[38;2;30;30;60m[48;2;30;30;60m▄[0m[38;2;30;30;60m[48;2;30;30;60m▄[0m[38;2;30;30;60m[48;2;30;30;60m▄[0m[38;2;30;30;60m[48;2;30;30;60m▄[0m[38;2;30;30;60m[48;2;30;30;60m▄[0m[38;2;30;30;60m[48;2;30;30;60m▄[0m[38;2;30;30;60m[48;2;30;30;60m▄[0m[38;2;30;30;60m[48;2;30;30;60m▄[0m[38;2;30;30;60m[48;2;30;30;60m▄[0m[38;2;30;30;60m[48;2;30;30;60m▄[0m[38;2;30;30;60m[48;2;30;30;60m▄[0m[38;2;30;30;60m[48;2;30;30;60m▄[0m[38;2;30;30;60m[48;2;30;30;60m▄[0m[38;2;30;30;60m[48;2;30;30;60m▄[0m[38;2;30;30;60m[48;2;30;30;60m▄[0m[38;2;30;30;60m[48;2;30;30;60m▄[0m[38;2;30;30;60m[48;2;30;30;60m▄[0m[38;2;30;30;60m[48;2;30;30;60m▄[0m[38;2;30;30;60m[48;2;30;30;60m▄[0m[38;2;30;30;60m[48;2;30;30;60m▄[0m[38;2;30;30;60m[48;2;30;30;60m▄[0m[38;2;30;30;60m[48;2;30;30;60m▄[0m[38;2;30;30;60m[48;2;30;30;60m▄[0m[38;2;30;30;60m[48;2;30;30;60m▄[0m[38;2;30;30;60m[48;2;30;30;60m▄[0m[38;2;30;30;60m[48;2;30;30;60m▄[0m[38;2;30;30;60m[48;2;30;30;60m▄[0m[38;2;30;30;60m[48;2;30;30;60m▄[0m[38;2;30;30;60m[48;2;30;30;60m▄[0m[38;2;30;30;60m[48;2;30;30;60m▄[0m[38;2;30;30;60m[48;2;30;30;60m▄[0m[38;2;30;30;60m[48;2;30;30;60m▄[0m[38;2;30;30;60m[48;2;30;30;60m▄[0m[38;2;30;30;60m[48;2;30;30;60m▄[0m[38;2;30;30;60m[48;2;30;30;60m▄[0m[38;2;30;30;60m[48;2;30;30;60m▄[0m[38;2;30;30;60m[48;2;30;30;60m▄[0m[38;2;30;30;60m[48;2;30;30;60m▄[0m[38;2;30;30;60m[48;2;30;30;60m▄[0m[38;2;30;30;60m[48;2;30;30;60m▄[0m[38;2;30;30;60m[48;2;30;30;60m▄[0m[38;2;30;30;60m[48;2;30;30;60m▄[0m[38;2;30;30;60m[48;2;30;30;60m▄[0m[38;2;30;30;60m[48;2;30;30;60m▄[0m[38;2;30;30;60m[48;2;30;30;60m▄[0m[38;2;30;30;60m[48;2;30;30;60m▄[0m[38;2;30;30;60m[48;2;30;30;60m▄[0m[38;2;30;30;60m[48;2;30;30;60m▄[0m[38;2;30;30;60m[48;2;30;30;60m▄[0m[38;2;30;30;60m[48;2;30;30;60m▄[0m[38;2;30;30;60m[48;2;30;30;60m▄[0m[38;2;30;30;60m[48;2;30;30;60m▄[0m[38;2;30;30;60m[48;2;30;30;60m▄[0m[38;2;30;30;60m[48;2;30;30;60m▄[0m[38;2;30;30;60m[48;2;30;30;60m▄[0m[38;2;30;30;60m[48;2;30;30;60m▄[0m[38;2;30;30;60m[48;2;30;30;60m▄[0m[38;2;30;30;60m[48;2;30;30;60m▄[0m[38;2;30;30;60m[48;2;30;30;60m▄[0m[38;2;30;30;60m[48;2;30;30;60m▄[0m[38;2;30;30;60m[48;2;30;30;60m▄[0m[38;2;30;30;60m[48;2;30;30;60m▄[0m[38;2;30;30;60m[48;2;30;30;60m▄[0m[38;2;30;30;60m[48;2;30;30;60m▄[0m[38;2;30;30;60m[48;2;30;30;60m▄[0m[38;2;30;30;60m[48;2;30;30;60m▄[0m[38;2;30;30;60m[48;2;30;30;60m▄[0m[38;2;30;30;60m[48;2;30;30;60m▄[0m[38;2;30;30;60m[48;2;30;30;60m▄[0m[38;2;30;30;60m[48;2;30;30;60m▄[0m[38;2;30;30;60m[48;2;30;30;60m▄[0m[38;2;30;30;60m[48;2;30;30;60m▄[0m[38;2;30;30;60m[48;2;30;30;60m▄[0m[38;2;30;30;60m[48;2;30;30;60m▄[0m
[38;2;30;30;60m[48;2;30;30;60m▄[0m[38;2;30;30;60m[48;2;30;30;60m▄[0m[38;2;30;30;60m[48;2;30;30;60m▄[0m[38;2;30;30;60m[48;2;30;30;60m▄[0m[38;2;30;30;60m[48;2;30;30;60m▄[0m[38;2;30;30;60m[48;2;30;30;60m▄[0m[38;2;30;30;60m[48;2;30;30;60m▄[0m[38;2;30;30;60m[48;2;30;30;60m▄[0m[38;2;30;30;60m[48;2;30;30;60m▄[0m[38;2;30;30;60m[48;2;30;30;60m▄[0m[38;2;200;50;50m[48;2;200;50;50m▄[0m[38;2;200;50;50m[48;2;200;50;50m▄[0m[38;2;200;50;50m[48;2;200;50;50m▄[0m[38;2;200;50;50m[48;2;200;50;50m▄[0m[38;2;200;50;50m[48;2;200;50;50m▄[0m[38;2;200;50;50m[48;2;200;50;50m▄[0m[38;2;200;50;50m[48;2;200;50;50m▄[0m[38;2;200;50;50m[48;2;200;50;50m▄[0m[38;2;200;50;50m[48;2;200;50;50m▄[0m[38;2;200;50;50m[48;2;200;50;50m▄[0m[38;2;200;50;50m[48;2;200;50;50m▄[0m[38;2;200;50;50m[48;2;200;50;50m▄[0m[38;2;200;50;50m[48;2;200;50;50m▄[0m[38;2;200;50;50m[48;2;200;50;50m▄[0m[38;2;200;50;50m[48;2;200;50;50m▄[0m[38;2;200;50;50m[48;2;200;50;50m▄[0m[38;2;200;50;50m[48;2;200;50;50m▄[0m[38;2;200;50;50m[48;2;200;50;50m▄[0m[38;2;200;50;50m[48;2;200;50;50m▄[0m[38;2;200;50;50m[48;2;200;50;50m▄[0m[38;2;200;50;50m[48;2;200;50;50m▄[0m[38;2;200;50;50m[48;2;200;50;50m▄[0m[38;2;200;50;50m[48;2;200;50;50m▄[0m[38;2;200;50;50m[48;2;200;50;50m▄[0m[38;2;200;50;50m[48;2;200;50;50m▄[0m[38;2;200;50;50m[48;2;200;50;50m▄[0m[38;2;200;50;50m[48;2;200;50;50m▄[0m[38;2;200;50;50m[48;2;200;50;50m▄[0m[38;2;200;50;50m[48;2;200;50;50m▄[0m[38;2;200;50;50m[48;2;200;50;50m▄[0m[38;2;200;50;50m[48;2;200;50;50m▄[0m[38;2;200;50;50m[48;2;200;50;50m▄[0m[38;2;200;50;50m[48;2;200;50;50m▄[0m[38;2;200;50;50m[48;2;200;50;50m▄[0m[38;2;200;50;50m[48;2;200;50;50m▄[0m[38;2;200;50;50m[48;2;200;50;50m▄[0m[38;2;200;50;50m[48;2;200;50;50m▄[0m[38;2;200;50;50m[48;2;200;50;50m▄[0m[38;2;200;50;50m[48;2;200;50;50m▄[0m[38;2;200;50;50m[48;2;200;50;50m▄[0m[38;2;200;50;50m[48;2;200;50;50m▄[0m[38;2;200;50;50m[48;2;200;50;50m▄[0m[38;2;200;50;50m[48;2;200;50;50m▄[0m[38;2;200;50;50m[48;2;200;50;50m▄[0m[38;2;200;50;50m[48;2;200;50;50m▄[0m[38;2;200;50;50m[48;2;200;50;50m▄[0m[38;2;200;50;50m[48;2;200;50;50m▄[0m[38;2;200;50;50m[48;2;200;50;50m▄[0m[38;2;200;50;50m[48;2;200;50;50m▄[0m[38;2;200;50;50m[48;2;200;50;50m▄[0m[38;2;200;50;50m[48;2;200;50;50m▄[0m[38;2;200;50;50m[48;2;200;50;50m▄[0m[38;2;200;50;50m[48;2;200;50;50m▄[0m[38;2;200;50;50m[48;2;200;50;50m▄[0m[38;2;200;50;50m[48;2;200;50;50m▄[0m[38;2;200;50;50m[48;2;200;50;50m▄[0m[38;2;200;50;50m[48;2;200;50;50m▄[0m[38;2;200;50;50m[48;2;200;50;50m▄[0m[38;2;200;50;50m[48;2;200;50;50m▄[0m[38;2;200;50;50m[48;2;200;50;50m▄[0m[38;2;200;50;50m[48;2;200;50;50m▄[0m[38;2;200;50;50m[48;2;200;50;50m▄[0m[38;2;200;50;50m[48;2;200;50;50m▄[0m[38;2;200;50;50m[48;2;200;50;50m▄[0m[38;2;200;50;50m[48;2;200;50;50m▄[0m[38;2;200;50;50m[48;2;200;50;50m▄[0m[38;2;200;50;50m[48;2;200;50;50m▄[0m[38;2;200;50;50m[48;2;200;50;50m▄[0m[38;2;200;50;50m[48;2;200;50;50m▄[0m[38;2;200;50;50m[48;2;200;50;50m▄[0m
[38;2;30;30;60m[48;2;30;30;60m▄[0m[38;2;30;30;60m[48;2;30;30;60m▄[0m[38;2;30;30;60m[48;2;30;30;60m▄[0m[38;2;30;30;60m[48;2;30;30;60m▄[0m[38;2;30;30;60m[48;2;30;30;60m▄[0m[38;2;30;30;60m[48;2;30;30;60m▄[0m[38;2;30;30;60m[48;2;30;30;60m▄[0m[38;2;30;30;60m[48;2;30;30;60m▄[0m[38;2;30;30;60m[48;2;30;30;60m▄[0m[38;2;30;30;60m[48;2;30;30;60m▄[0m[38;2;200;50;50m[48;2;200;50;50m▄[0m[38;2;200;50;50m[48;2;200;50;50m▄[0m[38;2;200;50;50m[48;2;200;50;50m▄[0m[38;2;200;50;50m[48;2;200;50;50m▄[0m[38;2;200;50;50m[48;2;200;50;50m▄[0m[38;2;200;50;50m[48;2;200;50;50m▄[0m[38;2;200;50;50m[48;2;200;50;50m▄[0m[38;2;200;50;50m[48;2;200;50;50m▄[0m[38;2;200;50;50m[48;2;200;50;50m▄[0m[38;2;200;50;50m[48;2;200;50;50m▄[0m[38;2;200;50;50m[48;2;200;50;50m▄[0m[38;2;200;50;50m[48;2;200;50;50m▄[0m[38;2;200;50;50m[48;2;200;50;50m▄[0m[38;2;200;50;50m[48;2;200;50;50m▄[0m[38;2;200;50;50m[48;2;200;50;50m▄[0m[38;2;200;50;50m[48;2;200;50;50m▄[0m[38;2;200;50;50m[48;2;200;50;50m▄[0m[38;2;200;50;50m[48;2;200;50;50m▄[0m[38;2;200;50;50m[48;2;200;50;50m▄[0m[38;2;200;50;50m[48;2;200;50;50m▄[0m[38;2;200;50;50m[48;2;200;50;50m▄[0m[38;2;200;50;50m[48;2;200;50;50m▄[0m[38;2;200;50;50m[48;2;200;50;50m▄[0m[38;2;200;50;50m[48;2;200;50;50m▄[0m[38;2;200;50;50m[48;2;200;50;50m▄[0m[38;2;200;50;50m[48;2;200;50;50m▄[0m[38;2;200;50;50m[48;2;200;50;50m▄[0m[38;2;200;50;50m[48;2;200;50;50m▄[0m[38;2;200;50;50m[48;2;200;50;50m▄[0m[38;2;200;50;50m[48;2;200;50;50m▄[0m[38;2;200;50;50m[48;2;200;50;50m▄[0m[38;2;200;50;50m[48;2;200;50;50m▄[0m[38;2;200;50;50m[48;2;200;50;50m▄[0m[38;2;200;50;50m[48;2;200;50;50m▄[0m[38;2;200;50;50m[48;2;200;50;50m▄[0m[38;2;200;50;50m[48;2;200;50;50m▄[0m[38;2;200;50;50m[48;2;200;50;50m▄[0m[38;2;200;50;50m[48;2;200;50;50m▄[0m[38;2;200;50;50m[48;2;200;50;50m▄[0m[38;2;200;50;50m[48;2;200;50;50m▄[0m[38;2;200;50;50m[48;2;200;50;50m▄[0m[38;2;200;50;50m[48;2;200;50;50m▄[0m[38;2;200;50;50m[48;2;200;50;50m▄[0m[38;2;200;50;50m[48;2;200;50;50m▄[0m[38;2;200;50;50m[48;2;200;50;50m▄[0m[38;2;200;50;50m[48;2;200;50;50m▄[0m[38;2;200;50;50m[48;2;200;50;50m▄[0m[38;2;200;50;50m[48;2;200;50;50m▄[0m[38;2;200;50;50m[48;2;200;50;50m▄[0m[38;2;200;50;50m[48;2;200;50;50m▄[0m[38;2;200;50;50m[48;2;200;50;50m▄[0m[38;2;200;50;50m[48;2;200;50;50m▄[0m[38;2;200;50;50m[48;2;200;50;50m▄[0m[38;2;200;50;50m[48;2;200;50;50m▄[0m[38;2;200;50;50m[48;2;200;50;50m▄[0m[38;2;200;50;50m[48;2;200;50;50m▄[0m[38;2;200;50;50m[48;2;200;50;50m▄[0m[38;2;200;50;50m[48;2;200;50;50m▄[0m[38;2;200;50;50m[48;2;200;50;50m▄[0m[38;2;200;50;50m[48;2;200;50;50m▄[0m[38;2;200;50;50m[48;2;200;50;50m▄[0m[38;2;200;50;50m[48;2;200;50;50m▄[0m[38;2;200;50;50m[48;2;200;50;50m▄[0m[38;2;200;50;50m[48;2;200;50;50m▄[0m[38;2;200;50;50m[48;2;200;50;50m▄[0m[38;2;200;50;50m[48;2;200;50;50m▄[0m[38;2;200;50;50m[48;2;200;50;50m▄[0m[38;2;200;50;50m[48;2;200;50;50m▄[0m[38;2;200;50;50m[48;2;200;50;50m▄[0m[38;2;200;50;50m[48;2;200;50;50m▄[0m
[38;2;30;30;60m[48;2;30;30;60m▄[0m[38;2;30;30;60m[48;2;30;30;60m▄[0m[38;2;30;30;60m[48;2;30;30;60m▄[0m[38;2;30;30;60m[48;2;30;30;60m▄[0m[38;2;30;30;60m[48;2;30;30;60m▄[0m[38;2;30;30;60m[48;2;30;30;60m▄[0m[38;2;30;30;60m[48;2;30;30;60m▄[0m[38;2;30;30;60m[48;2;30;30;60m▄[0m[38;2;30;30;60m[48;2;30;30;60m▄[0m[38;2;30;30;60m[48;2;30;30;60m▄[0m[38;2;200;50;50m[48;2;200;50;50m▄[0m[38;2;200;50;50m[48;2;200;50;50m▄[0m[38;2;200;50;50m[48;2;200;50;50m▄[0m[38;2;200;50;50m[48;2;200;50;50m▄[0m[38;2;200;50;50m[48;2;200;50;50m▄[0m[38;2;200;50;50m[48;2;200;50;50m▄[0m[38;2;200;50;50m[48;2;200;50;50m▄[0m[38;2;200;50;50m[48;2;200;50;50m▄[0m[38;2;200;50;50m[48;2;200;50;50m▄[0m[38;2;200;50;50m[48;2;200;50;50m▄[0m[38;2;200;50;50m[48;2;200;50;50m▄[0m[38;2;200;50;50m[48;2;200;50;50m▄[0m[38;2;200;50;50m[48;2;200;50;50m▄[0m[38;2;200;50;50m[48;2;200;50;50m▄[0m[38;2;200;50;50m[48;2;200;50;50m▄[0m[38;2;200;50;50m[48;2;200;50;50m▄[0m[38;2;200;50;50m[48;2;200;50;50m▄[0m[38;2;200;50;50m[48;2;200;50;50m▄[0m[38;2;200;50;50m[48;2;200;50;50m▄[0m[38;2;200;50;50m[48;2;200;50;50m▄[0m[38;2;200;50;50m[48;2;200;50;50m▄[0m[38;2;200;50;50m[48;2;200;50;50m▄[0m[38;2;200;50;50m[48;2;200;50;50m▄[0m[38;2;200;50;50m[48;2;200;50;50m▄[0m[38;2;200;50;50m[48;2;200;50;50m▄[0m[38;2;200;50;50m[48;2;200;50;50m▄[0m[38;2;200;50;50m[48;2;200;50;50m▄[0m[38;2;200;50;50m[48;2;200;50;50m▄[0m[38;2;200;50;50m[48;2;200;50;50m▄[0m[38;2;200;50;50m[48;2;200;50;50m▄[0m[38;2;200;50;50m[48;2;200;50;50m▄[0m[38;2;200;50;50m[48;2;200;50;50m▄[0m[38;2;200;50;50m[48;2;200;50;50m▄[0m[38;2;200;50;50m[48;2;200;50;50m▄[0m[38;2;200;50;50m[48;2;200;50;50m▄[0m[38;2;200;50;50m[48;2;200;50;50m▄[0m[38;2;200;50;50m[48;2;200;50;50m▄[0m[38;2;200;50;50m[48;2;200;50;50m▄[0m[38;2;200;50;50m[48;2;200;50;50m▄[0m[38;2;200;50;50m[48;2;200;50;50m▄[0m[38;2;200;50;50m[48;2;200;50;50m▄[0m[38;2;200;50;50m[48;2;200;50;50m▄[0m[38;2;200;50;50m[48;2;200;50;50m▄[0m[38;2;200;50;50m[48;2;200;50;50m▄[0m[38;2;200;50;50m[48;2;200;50;50m▄[0m[38;2;200;50;50m[48;2;200;50;50m▄[0m[38;2;200;50;50m[48;2;200;50;50m▄[0m[38;2;200;50;50m[48;2;200;50;50m▄[0m[38;2;200;50;50m[48;2;200;50;50m▄[0m[38;2;200;50;50m[48;2;200;50;50m▄[0m[38;2;200;50;50m[48;2;200;50;50m▄[0m[38;2;200;50;50m[48;2;200;50;50m▄[0m[38;2;200;50;50m[48;2;200;50;50m▄[0m[38;2;200;50;50m[48;2;200;50;50m▄[0m[38;2;200;50;50m[48;2;200;50;50m▄[0m[38;2;200;50;50m[48;2;200;50;50m▄[0m[38;2;200;50;50m[48;2;200;50;50m▄[0m[38;2;200;50;50m[48;2;200;50;50m▄[0m[38;2;200;50;50m[48;2;200;50;50m▄[0m[38;2;200;50;50m[48;2;200;50;50m▄[0m[38;2;200;50;50m[48;2;200;50;50m▄[0m[38;2;200;50;50m[48;2;200;50;50m▄[0m[38;2;200;50;50m[48;2;200;50;50m▄[0m[38;2;200;50;50m[48;2;200;50;50m▄[0m[38;2;200;50;50m[48;2;200;50;50m▄[0m[38;2;200;50;50m[48;2;200;50;50m▄[0m[38;2;200;50;50m[48;2;200;50;50m▄[0m[38;2;200;50;50m[48;2;200;50;50m▄[0m[38;2;200;50;50m[48;2;200;50;50m▄[0m[38;2;200;50;50m[48;2;200;50;50m▄[0m
[38;2;30;30;60m[48;2;30;30;60m▄[0m[38;2;30;30;60m[48;2;30;30;60m▄[0m[38;2;30;30;60m[48;2;30;30;60m▄[0m[38;2;30;30;60m[48;2;30;30;60m▄[0m[38;2;30;30;60m[48;2;30;30;60m▄[0m[38;2;30;30;60m[48;2;30;30;60m▄[0m[38;2;30;30;60m[48;2;30;30;60m▄[0m[38;2;30;30;60m[48;2;30;30;60m▄[0m[38;2;30;30;60m[48;2;30;30;60m▄[0m[38;2;30;30;60m[48;2;30;30;60m▄[0m[38;2;200;50;50m[48;2;200;50;50m▄[0m[38;2;200;50;50m[48;2;200;50;50m▄[0m[38;2;200;50;50m[48;2;200;50;50m▄[0m[38;2;200;50;50m[48;2;200;50;50m▄[0m[38;2;200;50;50m[48;2;200;50;50m▄[0m[38;2;200;50;50m[48;2;200;50;50m▄[0m[38;2;200;50;50m[48;2;200;50;50m▄[0m[38;2;200;50;50m[48;2;200;50;50m▄[0m[38;2;200;50;50m[48;2;200;50;50m▄[0m[38;2;200;50;50m[48;2;200;50;50m▄[0m[38;2;200;50;50m[48;2;200;50;50m▄[0m[38;2;200;50;50m[48;2;200;50;50m▄[0m[38;2;200;50;50m[48;2;200;50;50m▄[0m[38;2;200;50;50m[48;2;200;50;50m▄[0m[38;2;200;50;50m[48;2;200;50;50m▄[0m[38;2;200;50;50m[48;2;200;50;50m▄[0m[38;2;200;50;50m[48;2;200;50;50m▄[0m[38;2;200;50;50m[48;2;200;50;50m▄[0m[38;2;200;50;50m[48;2;200;50;50m▄[0m[38;2;200;50;50m[48;2;200;50;50m▄[0m[38;2;200;50;50m[48;2;200;50;50m▄[0m[38;2;200;50;50m[48;2;200;50;50m▄[0m[38;2;200;50;50m[48;2;200;50;50m▄[0m[38;2;200;50;50m[48;2;200;50;50m▄[0m[38;2;200;50;50m[48;2;200;50;50m▄[0m[38;2;200;50;50m[48;2;200;50;50m▄[0m[38;2;200;50;50m[48;2;200;50;50m▄[0m[38;2;200;50;50m[48;2;200;50;50m▄[0m[38;2;200;50;50m[48;2;200;50;50m▄[0m[38;2;200;50;50m[48;2;200;50;50m▄[0m[38;2;200;50;50m[48;2;200;50;50m▄[0m[38;2;200;50;50m[48;2;200;50;50m▄[0m[38;2;200;50;50m[48;2;200;50;50m▄[0m[38;2;200;50;50m[48;2;200;50;50m▄[0m[38;2;200;50;50m[48;2;200;50;50m▄[0m[38;2;200;50;50m[48;2;200;50;50m▄[0m[38;2;200;50;50m[48;2;200;50;50m▄[0m[38;2;200;50;50m[48;2;200;50;50m▄[0m[38;2;200;50;50m[48;2;200;50;50m▄[0m[38;2;200;50;50m[48;2;200;50;50m▄[0m[38;2;200;50;50m[48;2;200;50;50m▄[0m[38;2;200;50;50m[48;2;200;50;50m▄[0m[38;2;200;50;50m[48;2;200;50;50m▄[0m[38;2;200;50;50m[48;2;200;50;50m▄[0m[38;2;200;50;50m[48;2;200;50;50m▄[0m[38;2;200;50;50m[48;2;200;50;50m▄[0m[38;2;200;50;50m[48;2;200;50;50m▄[0m[38;2;200;50;50m[48;2;200;50;50m▄[0m[38;2;200;50;50m[48;2;200;50;50m▄[0m[38;2;200;50;50m[48;2;200;50;50m▄[0m[38;2;200;50;50m[48;2;200;50;50m▄[0m[38;2;200;50;50m[48;2;200;50;50m▄[0m[38;2;200;50;50m[48;2;200;50;50m▄[0m[38;2;200;50;50m[48;2;200;50;50m▄[0m[38;2;200;50;50m[48;2;200;50;50m▄[0m[38;2;200;50;50m[48;2;200;50;50m▄[0m[38;2;200;50;50m[48;2;200;50;50m▄[0m[38;2;200;50;50m[48;2;200;50;50m▄[0m[38;2;200;50;50m[48;2;200;50;50m▄[0m[38;2;200;50;50m[48;2;200;50;50m▄[0m[38;2;200;50;50m[48;2;200;50;50m▄[0m[38;2;200;50;50m[48;2;200;50;50m▄[0m[38;2;200;50;50m[48;2;200;50;50m▄[0m[38;2;200;50;50m[48;2;200;50;50m▄[0m[38;2;200;50;50m[48;2;200;50;50m▄[0m[38;2;200;50;50m[48;2;200;50;50m▄[0m[38;2;200;50;50m[48;2;200;50;50m▄[0m[38;2;200;50;50m[48;2;200;50;50m▄[0m[38;2;200;50;50m[48;2;200;50;50m▄[0m[38;2;200;50;50m[48;2;200;50;50m▄[0m
[38;2;30;30;60m[48;2;30;30;60m▄[0m[38;2;30;30;60m[48;2;30;30;60m▄[0m[38;2;30;30;60m[48;2;30;30;60m▄[0m[38;2;30;30;60m[48;2;30;30;60m▄[0m[38;2;30;30;60m[48;2;30;30;60m▄[0m[38;2;30;30;60m[48;2;30;30;60m▄[0m[38;2;30;30;60m[48;2;30;30;60m▄[0m[38;2;30;30;60m[48;2;30;30;60m▄[0m[38;2;30;30;60m[48;2;30;30;60m▄[0m[38;2;30;30;60m[48;2;30;30;60m▄[0m[38;2;200;50;50m[48;2;200;50;50m▄[0m[38;2;200;50;50m[48;2;200;50;50m▄[0m[38;2;200;50;50m[48;2;200;50;50m▄[0m[38;2;200;50;50m[48;2;200;50;50m▄[0m[38;2;200;50;50m[48;2;200;50;50m▄[0m[38;2;200;50;50m[48;2;200;50;50m▄[0m[38;2;200;50;50m[48;2;200;50;50m▄[0m[38;2;200;50;50m[48;2;200;50;50m▄[0m[38;2;200;50;50m[48;2;200;50;50m▄[0m[38;2;200;50;50m[48;2;200;50;50m▄[0m[38;2;200;50;50m[48;2;200;50;50m▄[0m[38;2;200;50;50m[48;2;200;50;50m▄[0m[38;2;200;50;50m[48;2;200;50;50m▄[0m[38;2;200;50;50m[48;2;200;50;50m▄[0m[38;2;200;50;50m[48;2;200;50;50m▄[0m[38;2;200;50;50m[48;2;200;50;50m▄[0m[38;2;200;50;50m[48;2;200;50;50m▄[0m[38;2;200;50;50m[48;2;200;50;50m▄[0m[38;2;200;50;50m[48;2;200;50;50m▄[0m[38;2;200;50;50m[48;2;200;50;50m▄[0m[38;2;200;50;50m[48;2;200;50;50m▄[0m[38;2;200;50;50m[48;2;200;50;50m▄[0m[38;2;200;50;50m[48;2;200;50;50m▄[0m[38;2;200;50;50m[48;2;200;50;50m▄[0m[38;2;200;50;50m[48;2;200;50;50m▄[0m[38;2;200;50;50m[48;2;200;50;50m▄[0m[38;2;200;50;50m[48;2;200;50;50m▄[0m[38;2;200;50;50m[48;2;200;50;50m▄[0m[38;2;200;50;50m[48;2;200;50;50m▄[0m[38;2;200;50;50m[48;2;200;50;50m▄[0m[38;2;200;50;50m[48;2;200;50;50m▄[0m[38;2;200;50;50m[48;2;200;50;50m▄[0m[38;2;200;50;50m[48;2;200;50;50m▄[0m[38;2;200;50;50m[48;2;200;50;50m▄[0m[38;2;200;50;50m[48;2;200;50;50m▄[0m[38;2;200;50;50m[48;2;200;50;50m▄[0m[38;2;200;50;50m[48;2;200;50;50m▄[0m[38;2;200;50;50m[48;2;200;50;50m▄[0m[38;2;200;50;50m[48;2;200;50;50m▄[0m[38;2;200;50;50m[48;2;200;50;50m▄[0m[38;2;200;50;50m[48;2;200;50;50m▄[0m[38;2;200;50;50m[48;2;200;50;50m▄[0m[38;2;200;50;50m[48;2;200;50;50m▄[0m[38;2;200;50;50m[48;2;200;50;50m▄[0m[38;2;200;50;50m[48;2;200;50;50m▄[0m[38;2;200;50;50m[48;2;200;50;50m▄[0m[38;2;200;50;50m[48;2;200;50;50m▄[0m[38;2;200;50;50m[48;2;200;50;50m▄[0m[38;2;200;50;50m[48;2;200;50;50m▄[0m[38;2;200;50;50m[48;2;200;50;50m▄[0m[38;2;200;50;50m[48;2;200;50;50m▄[0m[38;2;200;50;50m[48;2;200;50;50m▄[0m[38;2;200;50;50m[48;2;200;50;50m▄[0m[38;2;200;50;50m[48;2;200;50;50m▄[0m[38;2;200;50;50m[48;2;200;50;50m▄[0m[38;2;200;50;50m[48;2;200;50;50m▄[0m[38;2;200;50;50m[48;2;200;50;50m▄[0m[38;2;200;50;50m[48;2;200;50;50m▄[0m[38;2;200;50;50m[48;2;200;50;50m▄[0m[38;2;200;50;50m[48;2;200;50;50m▄[0m[38;2;200;50;50m[48;2;200;50;50m▄[0m[38;2;200;50;50m[48;2;200;50;50m▄[0m[38;2;200;50;50m[48;2;200;50;50m▄[0m[38;2;200;50;50m[48;2;200;50;50m▄[0m[38;2;200;50;50m[48;2;200;50;50m▄[0m[38;2;200;50;50m[48;2;200;50;50m▄[0m[38;2;200;50;50m[48;2;200;50;50m▄[0m[38;2;200;50;50m[48;2;200;50;50m▄[0m[38;2;200;50;50m[48;2;200;50;50m▄[0m[38;2;200;50;50m[48;2;200;50;50m▄[0m
[38;2;30;30;60m[48;2;30;30;60m▄[0m[38;2;30;30;60m[48;2;30;30;60m▄[0m[38;2;30;30;60m[48;2;30;30;60m▄[0m[38;2;30;30;60m[48;2;30;30;60m▄[0m[38;2;30;30;60m[48;2;30;30;60m▄[0m[38;2;30;30;60m[48;2;30;30;60m▄[0m[38;2;30;30;60m[48;2;30;30;60m▄[0m[38;2;30;30;60m[48;2;30;30;60m▄[0m[38;2;30;30;60m[48;2;30;30;60m▄[0m[38;2;30;30;60m[48;2;30;30;60m▄[0m[38;2;200;50;50m[48;2;200;50;50m▄[0m[38;2;200;50;50m[48;2;200;50;50m▄[0m[38;2;200;50;50m[48;2;200;50;50m▄[0m[38;2;200;50;50m[48;2;200;50;50m▄[0m[38;2;200;50;50m[48;2;200;50;50m▄[0m[38;2;200;50;50m[48;2;200;50;50m▄[0m[38;2;200;50;50m[48;2;200;50;50m▄[0m[38;2;200;50;50m[48;2;200;50;50m▄[0m[38;2;200;50;50m[48;2;200;50;50m▄[0m[38;2;200;50;50m[48;2;200;50;50m▄[0m[38;2;200;50;50m[48;2;200;50;50m▄[0m[38;2;200;50;50m[48;2;200;50;50m▄[0m[38;2;200;50;50m[48;2;200;50;50m▄[0m[38;2;200;50;50m[48;2;200;50;50m▄[0m[38;2;200;50;50m[48;2;200;50;50m▄[0m[38;2;200;50;50m[48;2;200;50;50m▄[0m[38;2;200;50;50m[48;2;200;50;50m▄[0m[38;2;200;50;50m[48;2;200;50;50m▄[0m[38;2;200;50;50m[48;2;200;50;50m▄[0m[38;2;200;50;50m[48;2;200;50;50m▄[0m[38;2;200;50;50m[48;2;200;50;50m▄[0m[38;2;200;50;50m[48;2;200;50;50m▄[0m[38;2;200;50;50m[48;2;200;50;50m▄[0m[38;2;200;50;50m[48;2;200;50;50m▄[0m[38;2;200;50;50m[48;2;200;50;50m▄[0m[38;2;200;50;50m[48;2;200;50;50m▄[0m[38;2;200;50;50m[48;2;200;50;50m▄[0m[38;2;200;50;50m[48;2;200;50;50m▄[0m[38;2;200;50;50m[48;2;200;50;50m▄[0m[38;2;200;50;50m[48;2;200;50;50m▄[0m[38;2;200;50;50m[48;2;200;50;50m▄[0m[38;2;200;50;50m[48;2;200;50;50m▄[0m[38;2;200;50;50m[48;2;200;50;50m▄[0m[38;2;200;50;50m[48;2;200;50;50m▄[0m[38;2;200;50;50m[48;2;200;50;50m▄[0m[38;2;200;50;50m[48;2;200;50;50m▄[0m[38;2;200;50;50m[48;2;200;50;50m▄[0m[38;2;200;50;50m[48;2;200;50;50m▄[0m[38;2;200;50;50m[48;2;200;50;50m▄[0m[38;2;200;50;50m[48;2;200;50;50m▄[0m[38;2;200;50;50m[48;2;200;50;50m▄[0m[38;2;200;50;50m[48;2;200;50;50m▄[0m[38;2;200;50;50m[48;2;200;50;50m▄[0m[38;2;200;50;50m[48;2;200;50;50m▄[0m[38;2;200;50;50m[48;2;200;50;50m▄[0m[38;2;200;50;50m[48;2;200;50;50m▄[0m[38;2;200;50;50m[48;2;200;50;50m▄[0m[38;2;200;50;50m[48;2;200;50;50m▄[0m[38;2;200;50;50m[48;2;200;50;50m▄[0m[38;2;200;50;50m[48;2;200;50;50m▄[0m[38;2;200;50;50m[48;2;200;50;50m▄[0m[38;2;200;50;50m[48;2;200;50;50m▄[0m[38;2;200;50;50m[48;2;200;50;50m▄[0m[38;2;200;50;50m[48;2;200;50;50m▄[0m[38;2;200;50;50m[48;2;200;50;50m▄[0m[38;2;200;50;50m[48;2;200;50;50m▄[0m[38;2;200;50;50m[48;2;200;50;50m▄[0m[38;2;200;50;50m[48;2;200;50;50m▄[0m[38;2;200;50;50m[48;2;200;50;50m▄[0m[38;2;200;50;50m[48;2;200;50;50m▄[0m[38;2;200;50;50m[48;2;200;50;50m▄[0m[38;2;200;50;50m[48;2;200;50;50m▄[0m[38;2;200;50;50m[48;2;200;50;50m▄[0m[38;2;200;50;50m[48;2;200;50;50m▄[0m[38;2;200;50;50m[48;2;200;50;50m▄[0m[38;2;200;50;50m[48;2;200;50;50m▄[0m[38;2;200;50;50m[48;2;200;50;50m▄[0m[38;2;200;50;50m[48;2;200;50;50m▄[0m[38;2;200;50;50m[48;2;200;50;50m▄[0m[38;2;200;50;50m[48;2;200;50;50m▄[0m
[38;2;30;30;60m[48;2;30;30;60m▄[0m[38;2;30;30;60m[48;2;30;30;60m▄[0m[38;2;30;30;60m[48;2;30;30;60m▄[0m[38;2;30;30;60m[48;2;30;30;60m▄[0m[38;2;30;30;60m[48;2;30;30;60m▄[0m[38;2;30;30;60m[48;2;30;30;60m▄[0m[38;2;30;30;60m[48;2;30;30;60m▄[0m[38;2;30;30;60m[48;2;30;30;60m▄[0m[38;2;30;30;60m[48;2;30;30;60m▄[0m[38;2;30;30;60m[48;2;30;30;60m▄[0m[38;2;200;50;50m[48;2;200;50;50m▄[0m[38;2;200;50;50m[48;2;200;50;50m▄[0m[38;2;200;50;50m[48;2;200;50;50m▄[0m[38;2;200;50;50m[48;2;200;50;50m▄[0m[38;2;200;50;50m[48;2;200;50;50m▄[0m[38;2;200;50;50m[48;2;200;50;50m▄[0m[38;2;200;50;50m[48;2;200;50;50m▄[0m[38;2;200;50;50m[48;2;200;50;50m▄[0m[38;2;200;50;50m[48;2;200;50;50m▄[0m[38;2;200;50;50m[48;2;200;50;50m▄[0m[38;2;200;50;50m[48;2;200;50;50m▄[0m[38;2;200;50;50m[48;2;200;50;50m▄[0m[38;2;200;50;50m[48;2;200;50;50m▄[0m[38;2;200;50;50m[48;2;200;50;50m▄[0m[38;2;200;50;50m[48;2;200;50;50m▄[0m[38;2;200;50;50m[48;2;200;50;50m▄[0m[38;2;200;50;50m[48;2;200;50;50m▄[0m[38;2;200;50;50m[48;2;200;50;50m▄[0m[38;2;200;50;50m[48;2;200;50;50m▄[0m[38;2;200;50;50m[48;2;200;50;50m▄[0m[38;2;200;50;50m[48;2;200;50;50m▄[0m[38;2;200;50;50m[48;2;200;50;50m▄[0m[38;2;200;50;50m[48;2;200;50;50m▄[0m[38;2;200;50;50m[48;2;200;50;50m▄[0m[38;2;200;50;50m[48;2;200;50;50m▄[0m[38;2;200;50;50m[48;2;200;50;50m▄[0m[38;2;200;50;50m[48;2;200;50;50m▄[0m[38;2;200;50;50m[48;2;200;50;50m▄[0m[38;2;200;50;50m[48;2;200;50;50m▄[0m[38;2;200;50;50m[48;2;200;50;50m▄[0m[38;2;200;50;50m[48;2;200;50;50m▄[0m[38;2;200;50;50m[48;2;200;50;50m▄[0m[38;2;200;50;50m[48;2;200;50;50m▄[0m[38;2;200;50;50m[48;2;200;50;50m▄[0m[38;2;200;50;50m[48;2;200;50;50m▄[0m[38;2;200;50;50m[48;2;200;50;50m▄[0m[38;2;200;50;50m[48;2;200;50;50m▄[0m[38;2;200;50;50m[48;2;200;50;50m▄[0m[38;2;200;50;50m[48;2;200;50;50m▄[0m[38;2;200;50;50m[48;2;200;50;50m▄[0m[38;2;200;50;50m[48;2;200;50;50m▄[0m[38;2;200;50;50m[48;2;200;50;50m▄[0m[38;2;200;50;50m[48;2;200;50;50m▄[0m[38;2;200;50;50m[48;2;200;50;50m▄[0m[38;2;200;50;50m[48;2;200;50;50m▄[0m[38;2;200;50;50m[48;2;200;50;50m▄[0m[38;2;200;50;50m[48;2;200;50;50m▄[0m[38;2;200;50;50m[48;2;200;50;50m▄[0m[38;2;200;50;50m[48;2;200;50;50m▄[0m[38;2;200;50;50m[48;2;200;50;50m▄[0m[38;2;200;50;50m[48;2;200;50;50m▄[0m[38;2;200;50;50m[48;2;200;50;50m▄[0m[38;2;200;50;50m[48;2;200;50;50m▄[0m[38;2;200;50;50m[48;2;200;50;50m▄[0m[38;2;200;50;50m[48;2;200;50;50m▄[0m[38;2;200;50;50m[48;2;200;50;50m▄[0m[38;2;200;50;50m[48;2;200;50;50m▄[0m[38;2;200;50;50m[48;2;200;50;50m▄[0m[38;2;200;50;50m[48;2;200;50;50m▄[0m[38;2;200;50;50m[48;2;200;50;50m▄[0m[38;2;200;50;50m[48;2;200;50;50m▄[0m[38;2;200;50;50m[48;2;200;50;50m▄[0m[38;2;200;50;50m[48;2;200;50;50m▄[0m[38;2;200;50;50m[48;2;200;50;50m▄[0m[38;2;200;50;50m[48;2;200;50;50m▄[0m[38;2;200;50;50m[48;2;200;50;50m▄[0m[38;2;200;50;50m[48;2;200;50;50m▄[0m[38;2;200;50;50m[48;2;200;50;50m▄[0m[38;2;200;50;50m[48;2;200;50;50m▄[0m[38;2;200;50;50m[48;2;200;50;50m▄[0m
[38;2;30;30;60m[48;2;30;30;60m▄[0m[38;2;30;30;60m[48;2;30;30;60m▄[0m[38;2;30;30;60m[48;2;30;30;60m▄[0m[38;2;30;30;60m[48;2;30;30;60m▄[0m[38;2;30;30;60m[48;2;30;30;60m▄[0m[38;2;30;30;60m[48;2;30;30;60m▄[0m[38;2;30;30;60m[48;2;30;30;60m▄[0m[38;2;30;30;60m[48;2;30;30;60m▄[0m[38;2;30;30;60m[48;2;30;30;60m▄[0m[38;2;30;30;60m[48;2;30;30;60m▄[0m[38;2;200;50;50m[48;2;200;50;50m▄[0m[38;2;200;50;50m[48;2;200;50;50m▄[0m[38;2;200;50;50m[48;2;200;50;50m▄[0m[38;2;200;50;50m[48;2;200;50;50m▄[0m[38;2;200;50;50m[48;2;200;50;50m▄[0m[38;2;200;50;50m[48;2;200;50;50m▄[0m[38;2;200;50;50m[48;2;200;50;50m▄[0m[38;2;200;50;50m[48;2;200;50;50m▄[0m[38;2;200;50;50m[48;2;200;50;50m▄[0m[38;2;200;50;50m[48;2;200;50;50m▄[0m[38;2;200;50;50m[48;2;200;50;50m▄[0m[38;2;200;50;50m[48;2;200;50;50m▄[0m[38;2;200;50;50m[48;2;200;50;50m▄[0m[38;2;200;50;50m[48;2;200;50;50m▄[0m[38;2;200;50;50m[48;2;200;50;50m▄[0m[38;2;200;50;50m[48;2;200;50;50m▄[0m[38;2;200;50;50m[48;2;200;50;50m▄[0m[38;2;200;50;50m[48;2;200;50;50m▄[0m[38;2;200;50;50m[48;2;200;50;50m▄[0m[38;2;200;50;50m[48;2;200;50;50m▄[0m[38;2;200;50;50m[48;2;200;50;50m▄[0m[38;2;200;50;50m[48;2;200;50;50m▄[0m[38;2;200;50;50m[48;2;200;50;50m▄[0m[38;2;200;50;50m[48;2;200;50;50m▄[0m[38;2;200;50;50m[48;2;200;50;50m▄[0m[38;2;200;50;50m[48;2;200;50;50m▄[0m[38;2;200;50;50m[48;2;200;50;50m▄[0m[38;2;200;50;50m[48;2;200;50;50m▄[0m[38;2;200;50;50m[48;2;200;50;50m▄[0m[38;2;200;50;50m[48;2;200;50;50m▄[0m[38;2;200;50;50m[48;2;200;50;50m▄[0m[38;2;200;50;50m[48;2;200;50;50m▄[0m[38;2;200;50;50m[48;2;200;50;50m▄[0m[38;2;200;50;50m[48;2;200;50;50m▄[0m[38;2;200;50;50m[48;2;200;50;50m▄[0m[38;2;200;50;50m[48;2;200;50;50m▄[0m[38;2;200;50;50m[48;2;200;50;50m▄[0m[38;2;200;50;50m[48;2;200;50;50m▄[0m[38;2;200;50;50m[48;2;200;50;50m▄[0m[38;2;200;50;50m[48;2;200;50;50m▄[0m[38;2;200;50;50m[48;2;200;50;50m▄[0m[38;2;200;50;50m[48;2;200;50;50m▄[0m[38;2;200;50;50m[48;2;200;50;50m▄[0m[38;2;200;50;50m[48;2;200;50;50m▄[0m[38;2;200;50;50m[48;2;200;50;50m▄[0m[38;2;200;50;50m[48;2;200;50;50m▄[0m[38;2;200;50;50m[48;2;200;50;50m▄[0m[38;2;200;50;50m[48;2;200;50;50m▄[0m[38;2;200;50;50m[48;2;200;50;50m▄[0m[38;2;200;50;50m[48;2;200;50;50m▄[0m[38;2;200;50;50m[48;2;200;50;50m▄[0m[38;2;200;50;50m[48;2;200;50;50m▄[0m[38;2;200;50;50m[48;2;200;50;50m▄[0m[38;2;200;50;50m[48;2;200;50;50m▄[0m[38;2;200;50;50m[48;2;200;50;50m▄[0m[38;2;200;50;50m[48;2;200;50;50m▄[0m[38;2;200;50;50m[48;2;200;50;50m▄[0m[38;2;200;50;50m[48;2;200;50;50m▄[0m[38;2;200;50;50m[48;2;200;50;50m▄[0m[38;2;200;50;50m[48;2;200;50;50m▄[0m[38;2;200;50;50m[48;2;200;50;50m▄[0m[38;2;200;50;50m[48;2;200;50;50m▄[0m[38;2;200;50;50m[48;2;200;50;50m▄[0m[38;2;200;50;50m[48;2;200;50;50m▄[0m[38;2;200;50;50m[48;2;200;50;50m▄[0m[38;2;200;50;50m[48;2;200;50;50m▄[0m[38;2;200;50;50m[48;2;200;50;50m▄[0m[38;2;200;50;50m[48;2;200;50;50m▄[0m[38;2;200;50;50m[48;2;200;50;50m▄[0m[38;2;200;50;50m[48;2;200;50;50m▄[0m
[38;2;30;30;60m[48;2;30;30;60m▄[0m[38;2;30;30;60m[48;2;30;30;60m▄[0m[38;2;30;30;60m[48;2;30;30;60m▄[0m[38;2;30;30;60m[48;2;30;30;60m▄[0m[38;2;30;30;60m[48;2;30;30;60m▄[0m[38;2;30;30;60m[48;2;30;30;60m▄[0m[38;2;30;30;60m[48;2;30;30;60m▄[0m[38;2;30;30;60m[48;2;30;30;60m▄[0m[38;2;30;30;60m[48;2;30;30;60m▄[0m[38;2;30;30;60m[48;2;30;30;60m▄[0m[38;2;200;50;50m[48;2;200;50;50m▄[0m[38;2;200;50;50m[48;2;200;50;50m▄[0m[38;2;200;50;50m[48;2;200;50;50m▄[0m[38;2;200;50;50m[48;2;200;50;50m▄[0m[38;2;200;50;50m[48;2;200;50;50m▄[0m[38;2;200;50;50m[48;2;200;50;50m▄[0m[38;2;200;50;50m[48;2;200;50;50m▄[0m[38;2;200;50;50m[48;2;200;50;50m▄[0m[38;2;200;50;50m[48;2;200;50;50m▄[0m[38;2;200;50;50m[48;2;200;50;50m▄[0m[38;2;200;50;50m[48;2;200;50;50m▄[0m[38;2;200;50;50m[48;2;200;50;50m▄[0m[38;2;200;50;50m[48;2;200;50;50m▄[0m[38;2;200;50;50m[48;2;200;50;50m▄[0m[38;2;200;50;50m[48;2;200;50;50m▄[0m[38;2;200;50;50m[48;2;200;50;50m▄[0m[38;2;200;50;50m[48;2;200;50;50m▄[0m[38;2;200;50;50m[48;2;200;50;50m▄[0m[38;2;200;50;50m[48;2;200;50;50m▄[0m[38;2;200;50;50m[48;2;200;50;50m▄[0m[38;2;200;50;50m[48;2;200;50;50m▄[0m[38;2;200;50;50m[48;2;200;50;50m▄[0m[38;2;200;50;50m[48;2;200;50;50m▄[0m[38;2;200;50;50m[48;2;200;50;50m▄[0m[38;2;200;50;50m[48;2;200;50;50m▄[0m[38;2;200;50;50m[48;2;200;50;50m▄[0m[38;2;200;50;50m[48;2;200;50;50m▄[0m[38;2;200;50;50m[48;2;200;50;50m▄[0m[38;2;200;50;50m[48;2;200;50;50m▄[0m[38;2;200;50;50m[48;2;200;50;50m▄[0m[38;2;200;50;50m[48;2;200;50;50m▄[0m[38;2;200;50;50m[48;2;200;50;50m▄[0m[38;2;200;50;50m[48;2;200;50;50m▄[0m[38;2;200;50;50m[48;2;200;50;50m▄[0m[38;2;200;50;50m[48;2;200;50;50m▄[0m[38;2;200;50;50m[48;2;200;50;50m▄[0m[38;2;200;50;50m[48;2;200;50;50m▄[0m[38;2;200;50;50m[48;2;200;50;50m▄[0m[38;2;200;50;50m[48;2;200;50;50m▄[0m[38;2;200;50;50m[48;2;200;50;50m▄[0m[38;2;200;50;50m[48;2;200;50;50m▄[0m[38;2;200;50;50m[48;2;200;50;50m▄[0m[38;2;200;50;50m[48;2;200;50;50m▄[0m[38;2;200;50;50m[48;2;200;50;50m▄[0m[38;2;200;50;50m[48;2;200;50;50m▄[0m[38;2;200;50;50m[48;2;200;50;50m▄[0m[38;2;200;50;50m[48;2;200;50;50m▄[0m[38;2;200;50;50m[48;2;200;50;50m▄[0m[38;2;200;50;50m[48;2;200;50;50m▄[0m[38;2;200;50;50m[48;2;200;50;50m▄[0m[38;2;200;50;50m[48;2;200;50;50m▄[0m[38;2;200;50;50m[48;2;200;50;50m▄[0m[38;2;200;50;50m[48;2;200;50;50m▄[0m[38;2;200;50;50m[48;2;200;50;50m▄[0m[38;2;200;50;50m[48;2;200;50;50m▄[0m[38;2;200;50;50m[48;2;200;50;50m▄[0m[38;2;200;50;50m[48;2;200;50;50m▄[0m[38;2;200;50;50m[48;2;200;50;50m▄[0m[38;2;200;50;50m[48;2;200;50;50m▄[0m[38;2;200;50;50m[48;2;200;50;50m▄[0m[38;2;200;50;50m[48;2;200;50;50m▄[0m[38;2;200;50;50m[48;2;200;50;50m▄[0m[38;2;200;50;50m[48;2;200;50;50m▄[0m[38;2;200;50;50m[48;2;200;50;50m▄[0m[38;2;200;50;50m[48;2;200;50;50m▄[0m[38;2;200;50;50m[48;2;200;50;50m▄[0m[38;2;200;50;50m[48;2;200;50;50m▄[0m[38;2;200;50;50m[48;2;200;50;50m▄[0m[38;2;200;50;50m[48;2;200;50;50m▄[0m[38;2;200;50;50m[48;2;200;50;50m▄[0m
[38;2;30;30;60m[48;2;30;30;60m▄[0m[38;2;30;30;60m[48;2;30;30;60m▄[0m[38;2;30;30;60m[48;2;30;30;60m▄[0m[38;2;30;30;60m[48;2;30;30;60m▄[0m[38;2;30;30;60m[48;2;30;30;60m▄[0m[38;2;30;30;60m[48;2;30;30;60m▄[0m[38;2;30;30;60m[48;2;30;30;60m▄[0m[38;2;30;30;60m[48;2;30;30;60m▄[0m[38;2;30;30;60m[48;2;30;30;60m▄[0m[38;2;30;30;60m[48;2;30;30;60m▄[0m[38;2;200;50;50m[48;2;200;50;50m▄[0m[38;2;200;50;50m[48;2;200;50;50m▄[0m[38;2;200;50;50m[48;2;200;50;50m▄[0m[38;2;200;50;50m[48;2;200;50;50m▄[0m[38;2;200;50;50m[48;2;200;50;50m▄[0m[38;2;200;50;50m[48;2;200;50;50m▄[0m[38;2;200;50;50m[48;2;200;50;50m▄[0m[38;2;200;50;50m[48;2;200;50;50m▄[0m[38;2;200;50;50m[48;2;200;50;50m▄[0m[38;2;200;50;50m[48;2;200;50;50m▄[0m[38;2;200;50;50m[48;2;200;50;50m▄[0m[38;2;200;50;50m[48;2;200;50;50m▄[0m[38;2;200;50;50m[48;2;200;50;50m▄[0m[38;2;200;50;50m[48;2;200;50;50m▄[0m[38;2;200;50;50m[48;2;200;50;50m▄[0m[38;2;200;50;50m[48;2;200;50;50m▄[0m[38;2;200;50;50m[48;2;200;50;50m▄[0m[38;2;200;50;50m[48;2;200;50;50m▄[0m[38;2;200;50;50m[48;2;200;50;50m▄[0m[38;2;200;50;50m[48;2;200;50;50m▄[0m[38;2;200;50;50m[48;2;200;50;50m▄[0m[38;2;200;50;50m[48;2;200;50;50m▄[0m[38;2;200;50;50m[48;2;200;50;50m▄[0m[38;2;200;50;50m[48;2;200;50;50m▄[0m[38;2;200;50;50m[48;2;200;50;50m▄[0m[38;2;200;50;50m[48;2;200;50;50m▄[0m[38;2;200;50;50m[48;2;200;50;50m▄[0m[38;2;200;50;50m[48;2;200;50;50m▄[0m[38;2;200;50;50m[48;2;200;50;50m▄[0m[38;2;200;50;50m[48;2;200;50;50m▄[0m[38;2;200;50;50m[48;2;200;50;50m▄[0m[38;2;200;50;50m[48;2;200;50;50m▄[0m[38;2;200;50;50m[48;2;200;50;50m▄[0m[38;2;200;50;50m[48;2;200;50;50m▄[0m[38;2;200;50;50m[48;2;200;50;50m▄[0m[38;2;200;50;50m[48;2;200;50;50m▄[0m[38;2;200;50;50m[48;2;200;50;50m▄[0m[38;2;200;50;50m[48;2;200;50;50m▄[0m[38;2;200;50;50m[48;2;200;50;50m▄[0m[38;2;200;50;50m[48;2;200;50;50m▄[0m[38;2;200;50;50m[48;2;200;50;50m▄[0m[38;2;200;50;50m[48;2;200;50;50m▄[0m[38;2;200;50;50m[48;2;200;50;50m▄[0m[38;2;200;50;50m[48;2;200;50;50m▄[0m[38;2;200;50;50m[48;2;200;50;50m▄[0m[38;2;200;50;50m[48;2;200;50;50m▄[0m[38;2;200;50;50m[48;2;200;50;50m▄[0m[38;2;200;50;50m[48;2;200;50;50m▄[0m[38;2;200;50;50m[48;2;200;50;50m▄[0m[38;2;200;50;50m[48;2;200;50;50m▄[0m[38;2;200;50;50m[48;2;200;50;50m▄[0m[38;2;200;50;50m[48;2;200;50;50m▄[0m[38;2;200;50;50m[48;2;200;50;50m▄[0m[38;2;200;50;50m[48;2;200;50;50m▄[0m[38;2;200;50;50m[48;2;200;50;50m▄[0m[38;2;200;50;50m[48;2;200;50;50m▄[0m[38;2;200;50;50m[48;2;200;50;50m▄[0m[38;2;200;50;50m[48;2;200;50;50m▄[0m[38;2;200;50;50m[48;2;200;50;50m▄[0m[38;2;200;50;50m[48;2;200;50;50m▄[0m[38;2;200;50;50m[48;2;200;50;50m▄[0m[38;2;200;50;50m[48;2;200;50;50m▄[0m[38;2;200;50;50m[48;2;200;50;50m▄[0m[38;2;200;50;50m[48;2;200;50;50m▄[0m[38;2;200;50;50m[48;2;200;50;50m▄[0m[38;2;200;50;50m[48;2;200;50;50m▄[0m[38;2;200;50;50m[48;2;200;50;50m▄[0m[38;2;200;50;50m[48;2;200;50;50m▄[0m[38;2;200;50;50m[48;2;200;50;50m▄[0m[38;2;200;50;50m[48;2;200;50;50m▄[0m
[38;2;30;30;60m[48;2;30;30;60m▄[0m[38;2;30;30;60m[48;2;30;30;60m▄[0m[38;2;30;30;60m[48;2;30;30;60m▄[0m[38;2;30;30;60m[48;2;30;30;60m▄[0m[38;2;30;30;60m[48;2;30;30;60m▄[0m[38;2;30;30;60m[48;2;30;30;60m▄[0m[38;2;30;30;60m[48;2;30;30;60m▄[0m[38;2;30;30;60m[48;2;30;30;60m▄[0m[38;2;30;30;60m[48;2;30;30;60m▄[0m[38;2;30;30;60m[48;2;30;30;60m▄[0m[38;2;200;50;50m[48;2;200;50;50m▄[0m[38;2;200;50;50m[48;2;200;50;50m▄[0m[38;2;200;50;50m[48;2;200;50;50m▄[0m[38;2;200;50;50m[48;2;200;50;50m▄[0m[38;2;200;50;50m[48;2;200;50;50m▄[0m[38;2;200;50;50m[48;2;200;50;50m▄[0m[38;2;200;50;50m[48;2;200;50;50m▄[0m[38;2;200;50;50m[48;2;200;50;50m▄[0m[38;2;200;50;50m[48;2;200;50;50m▄[0m[38;2;200;50;50m[48;2;200;50;50m▄[0m[38;2;200;50;50m[48;2;200;50;50m▄[0m[38;2;200;50;50m[48;2;200;50;50m▄[0m[38;2;200;50;50m[48;2;200;50;50m▄[0m[38;2;200;50;50m[48;2;200;50;50m▄[0m[38;2;200;50;50m[48;2;200;50;50m▄[0m[38;2;200;50;50m[48;2;200;50;50m▄[0m[38;2;200;50;50m[48;2;200;50;50m▄[0m[38;2;200;50;50m[48;2;200;50;50m▄[0m[38;2;200;50;50m[48;2;200;50;50m▄[0m[38;2;200;50;50m[48;2;200;50;50m▄[0m[38;2;200;50;50m[48;2;200;50;50m▄[0m[38;2;200;50;50m[48;2;200;50;50m▄[0m[38;2;200;50;50m[48;2;200;50;50m▄[0m[38;2;200;50;50m[48;2;200;50;50m▄[0m[38;2;200;50;50m[48;2;200;50;50m▄[0m[38;2;200;50;50m[48;2;200;50;50m▄[0m[38;2;200;50;50m[48;2;200;50;50m▄[0m[38;2;200;50;50m[48;2;200;50;50m▄[0m[38;2;200;50;50m[48;2;200;50;50m▄[0m[38;2;200;50;50m[48;2;200;50;50m▄[0m[38;2;200;50;50m[48;2;200;50;50m▄[0m[38;2;200;50;50m[48;2;200;50;50m▄[0m[38;2;200;50;50m[48;2;200;50;50m▄[0m[38;2;200;50;50m[48;2;200;50;50m▄[0m[38;2;200;50;50m[48;2;200;50;50m▄[0m[38;2;200;50;50m[48;2;200;50;50m▄[0m[38;2;200;50;50m[48;2;200;50;50m▄[0m[38;2;200;50;50m[48;2;200;50;50m▄[0m[38;2;200;50;50m[48;2;200;50;50m▄[0m[38;2;200;50;50m[48;2;200;50;50m▄[0m[38;2;200;50;50m[48;2;200;50;50m▄[0m[38;2;200;50;50m[48;2;200;50;50m▄[0m[38;2;200;50;50m[48;2;200;50;50m▄[0m[38;2;200;50;50m[48;2;200;50;50m▄[0m[38;2;200;50;50m[48;2;200;50;50m▄[0m[38;2;200;50;50m[48;2;200;50;50m▄[0m[38;2;200;50;50m[48;2;200;50;50m▄[0m[38;2;200;50;50m[48;2;200;50;50m▄[0m[38;2;200;50;50m[48;2;200;50;50m▄[0m[38;2;200;50;50m[48;2;200;50;50m▄[0m[38;2;200;50;50m[48;2;200;50;50m▄[0m[38;2;200;50;50m[48;2;200;50;50m▄[0m[38;2;200;50;50m[48;2;200;50;50m▄[0m[38;2;200;50;50m[48;2;200;50;50m▄[0m[38;2;200;50;50m[48;2;200;50;50m▄[0m[38;2;200;50;50m[48;2;200;50;50m▄[0m[38;2;200;50;50m[48;2;200;50;50m▄[0m[38;2;200;50;50m[48;2;200;50;50m▄[0m[38;2;200;50;50m[48;2;200;50;50m▄[0m[38;2;200;50;50m[48;2;200;50;50m▄[0m[38;2;200;50;50m[48;2;200;50;50m▄[0m[38;2;200;50;50m[48;2;200;50;50m▄[0m[38;2;200;50;50m[48;2;200;50;50m▄[0m[38;2;200;50;50m[48;2;200;50;50m▄[0m[38;2;200;50;50m[48;2;200;50;50m▄[0m[38;2;200;50;50m[48;2;200;50;50m▄[0m[38;2;200;50;50m[48;2;200;50;50m▄[0m[38;2;200;50;50m[48;2;200;50;50m▄[0m[38;2;200;50;50m[48;2;200;50;50m▄[0m[38;2;200;50;50m[48;2;200;50;50m▄[0m
[38;2;30;30;60m[48;2;30;30;60m▄[0m[38;2;30;30;60m[48;2;30;30;60m▄[0m[38;2;30;30;60m[48;2;30;30;60m▄[0m[38;2;30;30;60m[48;2;30;30;60m▄[0m[38;2;30;30;60m[48;2;30;30;60m▄[0m[38;2;30;30;60m[48;2;30;30;60m▄[0m[38;2;30;30;60m[48;2;30;30;60m▄[0m[38;2;30;30;60m[48;2;30;30;60m▄[0m[38;2;30;30;60m[48;2;30;30;60m▄[0m[38;2;30;30;60m[48;2;30;30;60m▄[0m[38;2;200;50;50m[48;2;200;50;50m▄[0m[38;2;200;50;50m[48;2;200;50;50m▄[0m[38;2;200;50;50m[48;2;200;50;50m▄[0m[38;2;200;50;50m[48;2;200;50;50m▄[0m[38;2;200;50;50m[48;2;200;50;50m▄[0m[38;2;200;50;50m[48;2;200;50;50m▄[0m[38;2;200;50;50m[48;2;200;50;50m▄[0m[38;2;200;50;50m[48;2;200;50;50m▄[0m[38;2;200;50;50m[48;2;200;50;50m▄[0m[38;2;200;50;50m[48;2;200;50;50m▄[0m[38;2;200;50;50m[48;2;200;50;50m▄[0m[38;2;200;50;50m[48;2;200;50;50m▄[0m[38;2;200;50;50m[48;2;200;50;50m▄[0m[38;2;200;50;50m[48;2;200;50;50m▄[0m[38;2;200;50;50m[48;2;200;50;50m▄[0m[38;2;200;50;50m[48;2;200;50;50m▄[0m[38;2;200;50;50m[48;2;200;50;50m▄[0m[38;2;200;50;50m[48;2;200;50;50m▄[0m[38;2;200;50;50m[48;2;200;50;50m▄[0m[38;2;200;50;50m[48;2;200;50;50m▄[0m[38;2;200;50;50m[48;2;200;50;50m▄[0m[38;2;200;50;50m[48;2;200;50;50m▄[0m[38;2;200;50;50m[48;2;200;50;50m▄[0m[38;2;200;50;50m[48;2;200;50;50m▄[0m[38;2;200;50;50m[48;2;200;50;50m▄[0m[38;2;200;50;50m[48;2;200;50;50m▄[0m[38;2;200;50;50m[48;2;200;50;50m▄[0m[38;2;200;50;50m[48;2;200;50;50m▄[0m[38;2;200;50;50m[48;2;200;50;50m▄[0m[38;2;200;50;50m[48;2;200;50;50m▄[0m[38;2;200;50;50m[48;2;200;50;50m▄[0m[38;2;200;50;50m[48;2;200;50;50m▄[0m[38;2;200;50;50m[48;2;200;50;50m▄[0m[38;2;200;50;50m[48;2;200;50;50m▄[0m[38;2;200;50;50m[48;2;200;50;50m▄[0m[38;2;200;50;50m[48;2;200;50;50m▄[0m[38;2;200;50;50m[48;2;200;50;50m▄[0m[38;2;200;50;50m[48;2;200;50;50m▄[0m[38;2;200;50;50m[48;2;200;50;50m▄[0m[38;2;200;50;50m[48;2;200;50;50m▄[0m[38;2;200;50;50m[48;2;200;50;50m▄[0m[38;2;200;50;50m[48;2;200;50;50m▄[0m[38;2;200;50;50m[48;2;200;50;50m▄[0m[38;2;200;50;50m[48;2;200;50;50m▄[0m[38;2;200;50;50m[48;2;200;50;50m▄[0m[38;2;200;50;50m[48;2;200;50;50m▄[0m[38;2;200;50;50m[48;2;200;50;50m▄[0m[38;2;200;50;50m[48;2;200;50;50m▄[0m[38;2;200;50;50m[48;2;200;50;50m▄[0m[38;2;200;50;50m[48;2;200;50;50m▄[0m[38;2;200;50;50m[48;2;200;50;50m▄[0m[38;2;200;50;50m[48;2;200;50;50m▄[0m[38;2;200;50;50m[48;2;200;50;50m▄[0m[38;2;200;50;50m[48;2;200;50;50m▄[0m[38;2;200;50;50m[48;2;200;50;50m▄[0m[38;2;200;50;50m[48;2;200;50;50m▄[0m[38;2;200;50;50m[48;2;200;50;50m▄[0m[38;2;200;50;50m[48;2;200;50;50m▄[0m[38;2;200;50;50m[48;2;200;50;50m▄[0m[38;2;200;50;50m[48;2;200;50;50m▄[0m[38;2;200;50;50m[48;2;200;50;50m▄[0m[38;2;200;50;50m[48;2;200;50;50m▄[0m[38;2;200;50;50m[48;2;200;50;50m▄[0m[38;2;200;50;50m[48;2;200;50;50m▄[0m[38;2;200;50;50m[48;2;200;50;50m▄[0m[38;2;200;50;50m[48;2;200;50;50m▄[0m[38;2;200;50;50m[48;2;200;50;50m▄[0m[38;2;200;50;50m[48;2;200;50;50m▄[0m[38;2;200;50;50m[48;2;200;50;50m▄[0m[38;2;200;50;50m[48;2;200;50;50m▄[0m
[38;2;30;30;60m[48;2;30;30;60m▄[0m[38;2;30;30;60m[48;2;30;30;60m▄[0m[38;2;30;30;60m[48;2;30;30;60m▄[0m[38;2;30;30;60m[48;2;30;30;60m▄[0m[38;2;30;30;60m[48;2;30;30;60m▄[0m[38;2;30;30;60m[48;2;30;30;60m▄[0m[38;2;30;30;60m[48;2;30;30;60m▄[0m[38;2;30;30;60m[48;2;30;30;60m▄[0m[38;2;30;30;60m[48;2;30;30;60m▄[0m[38;2;30;30;60m[48;2;30;30;60m▄[0m[38;2;200;50;50m[48;2;200;50;50m▄[0m[38;2;200;50;50m[48;2;200;50;50m▄[0m[38;2;200;50;50m[48;2;200;50;50m▄[0m[38;2;200;50;50m[48;2;200;50;50m▄[0m[38;2;200;50;50m[48;2;200;50;50m▄[0m[38;2;200;50;50m[48;2;200;50;50m▄[0m[38;2;200;50;50m[48;2;200;50;50m▄[0m[38;2;200;50;50m[48;2;200;50;50m▄[0m[38;2;200;50;50m[48;2;200;50;50m▄[0m[38;2;200;50;50m[48;2;200;50;50m▄[0m[38;2;200;50;50m[48;2;200;50;50m▄[0m[38;2;200;50;50m[48;2;200;50;50m▄[0m[38;2;200;50;50m[48;2;200;50;50m▄[0m[38;2;200;50;50m[48;2;200;50;50m▄[0m[38;2;200;50;50m[48;2;200;50;50m▄[0m[38;2;200;50;50m[48;2;200;50;50m▄[0m[38;2;200;50;50m[48;2;200;50;50m▄[0m[38;2;200;50;50m[48;2;200;50;50m▄[0m[38;2;200;50;50m[48;2;200;50;50m▄[0m[38;2;200;50;50m[48;2;200;50;50m▄[0m[38;2;200;50;50m[48;2;200;50;50m▄[0m[38;2;200;50;50m[48;2;200;50;50m▄[0m[38;2;200;50;50m[48;2;200;50;50m▄[0m[38;2;200;50;50m[48;2;200;50;50m▄[0m[38;2;200;50;50m[48;2;200;50;50m▄[0m[38;2;200;50;50m[48;2;200;50;50m▄[0m[38;2;200;50;50m[48;2;200;50;50m▄[0m[38;2;200;50;50m[48;2;200;50;50m▄[0m[38;2;200;50;50m[48;2;200;50;50m▄[0m[38;2;200;50;50m[48;2;200;50;50m▄[0m[38;2;200;50;50m[48;2;200;50;50m▄[0m[38;2;200;50;50m[48;2;200;50;50m▄[0m[38;2;200;50;50m[48;2;200;50;50m▄[0m[38;2;200;50;50m[48;2;200;50;50m▄[0m[38;2;200;50;50m[48;2;200;50;50m▄[0m[38;2;200;50;50m[48;2;200;50;50m▄[0m[38;2;200;50;50m[48;2;200;50;50m▄[0m[38;2;200;50;50m[48;2;200;50;50m▄[0m[38;2;200;50;50m[48;2;200;50;50m▄[0m[38;2;200;50;50m[48;2;200;50;50m▄[0m[38;2;200;50;50m[48;2;200;50;50m▄[0m[38;2;200;50;50m[48;2;200;50;50m▄[0m[38;2;200;50;50m[48;2;200;50;50m▄[0m[38;2;200;50;50m[48;2;200;50;50m▄[0m[38;2;200;50;50m[48;2;200;50;50m▄[0m[38;2;200;50;50m[48;2;200;50;50m▄[0m[38;2;200;50;50m[48;2;200;50;50m▄[0m[38;2;200;50;50m[48;2;200;50;50m▄[0m[38;2;200;50;50m[48;2;200;50;50m▄[0m[38;2;200;50;50m[48;2;200;50;50m▄[0m[38;2;200;50;50m[48;2;200;50;50m▄[0m[38;2;200;50;50m[48;2;200;50;50m▄[0m[38;2;200;50;50m[48;2;200;50;50m▄[0m[38;2;200;50;50m[48;2;200;50;50m▄[0m[38;2;200;50;50m[48;2;200;50;50m▄[0m[38;2;200;50;50m[48;2;200;50;50m▄[0m[38;2;200;50;50m[48;2;200;50;50m▄[0m[38;2;200;50;50m[48;2;200;50;50m▄[0m[38;2;200;50;50m[48;2;200;50;50m▄[0m[38;2;200;50;50m[48;2;200;50;50m▄[0m[38;2;200;50;50m[48;2;200;50;50m▄[0m[38;2;200;50;50m[48;2;200;50;50m▄[0m[38;2;200;50;50m[48;2;200;50;50m▄[0m[38;2;200;50;50m[48;2;200;50;50m▄[0m[38;2;200;50;50m[48;2;200;50;50m▄[0m[38;2;200;50;50m[48;2;200;50;50m▄[0m[38;2;200;50;50m[48;2;200;50;50m▄[0m[38;2;200;50;50m[48;2;200;50;50m▄[0m[38;2;200;50;50m[48;2;200;50;50m▄[0m[38;2;200;50;50m[48;2;200;50;50m▄[0m
[38;2;30;30;60m[48;2;30;30;60m▄[0m[38;2;30;30;60m[48;2;30;30;60m▄[0m[38;2;30;30;60m[48;2;30;30;60m▄[0m[38;2;30;30;60m[48;2;30;30;60m▄[0m[38;2;30;30;60m[48;2;30;30;60m▄[0m[38;2;30;30;60m[48;2;30;30;60m▄[0m[38;2;30;30;60m[48;2;30;30;60m▄[0m[38;2;30;30;60m[48;2;30;30;60m▄[0m[38;2;30;30;60m[48;2;30;30;60m▄[0m[38;2;30;30;60m[48;2;30;30;60m▄[0m[38;2;200;50;50m[48;2;200;50;50m▄[0m[38;2;200;50;50m[48;2;200;50;50m▄[0m[38;2;200;50;50m[48;2;200;50;50m▄[0m[38;2;200;50;50m[48;2;200;50;50m▄[0m[38;2;200;50;50m[48;2;200;50;50m▄[0m[38;2;200;50;50m[48;2;200;50;50m▄[0m[38;2;200;50;50m[48;2;200;50;50m▄[0m[38;2;200;50;50m[48;2;200;50;50m▄[0m[38;2;200;50;50m[48;2;200;50;50m▄[0m[38;2;200;50;50m[48;2;200;50;50m▄[0m[38;2;200;50;50m[48;2;200;50;50m▄[0m[38;2;200;50;50m[48;2;200;50;50m▄[0m[38;2;200;50;50m[48;2;200;50;50m▄[0m[38;2;200;50;50m[48;2;200;50;50m▄[0m[38;2;200;50;50m[48;2;200;50;50m▄[0m[38;2;200;50;50m[48;2;200;50;50m▄[0m[38;2;200;50;50m[48;2;200;50;50m▄[0m[38;2;200;50;50m[48;2;200;50;50m▄[0m[38;2;200;50;50m[48;2;200;50;50m▄[0m[38;2;200;50;50m[48;2;200;50;50m▄[0m[38;2;200;50;50m[48;2;200;50;50m▄[0m[38;2;200;50;50m[48;2;200;50;50m▄[0m[38;2;200;50;50m[48;2;200;50;50m▄[0m[38;2;200;50;50m[48;2;200;50;50m▄[0m[38;2;200;50;50m[48;2;200;50;50m▄[0m[38;2;200;50;50m[48;2;200;50;50m▄[0m[38;2;200;50;50m[48;2;200;50;50m▄[0m[38;2;200;50;50m[48;2;200;50;50m▄[0m[38;2;200;50;50m[48;2;200;50;50m▄[0m[38;2;200;50;50m[48;2;200;50;50m▄[0m[38;2;200;50;50m[48;2;200;50;50m▄[0m[38;2;200;50;50m[48;2;200;50;50m▄[0m[38;2;200;50;50m[48;2;200;50;50m▄[0m[38;2;200;50;50m[48;2;200;50;50m▄[0m[38;2;200;50;50m[48;2;200;50;50m▄[0m[38;2;200;50;50m[48;2;200;50;50m▄[0m[38;2;200;50;50m[48;2;200;50;50m▄[0m[38;2;200;50;50m[48;2;200;50;50m▄[0m[38;2;200;50;50m[48;2;200;50;50m▄[0m[38;2;200;50;50m[48;2;200;50;50m▄[0m[38;2;200;50;50m[48;2;200;50;50m▄[0m[38;2;200;50;50m[48;2;200;50;50m▄[0m[38;2;200;50;50m[48;2;200;50;50m▄[0m[38;2;200;50;50m[48;2;200;50;50m▄[0m[38;2;200;50;50m[48;2;200;50;50m▄[0m[38;2;200;50;50m[48;2;200;50;50m▄[0m[38;2;200;50;50m[48;2;200;50;50m▄[0m[38;2;200;50;50m[48;2;200;50;50m▄[0m[38;2;200;50;50m[48;2;200;50;50m▄[0m[38;2;200;50;50m[48;2;200;50;50m▄[0m[38;2;200;50;50m[48;2;200;50;50m▄[0m[38;2;200;50;50m[48;2;200;50;50m▄[0m[38;2;200;50;50m[48;2;200;50;50m▄[0m[38;2;200;50;50m[48;2;200;50;50m▄[0m[38;2;200;50;50m[48;2;200;50;50m▄[0m[38;2;200;50;50m[48;2;200;50;50m▄[0m[38;2;200;50;50m[48;2;200;50;50m▄[0m[38;2;200;50;50m[48;2;200;50;50m▄[0m[38;2;200;50;50m[48;2;200;50;50m▄[0m[38;2;200;50;50m[48;2;200;50;50m▄[0m[38;2;200;50;50m[48;2;200;50;50m▄[0m[38;2;200;50;50m[48;2;200;50;50m▄[0m[38;2;200;50;50m[48;2;200;50;50m▄[0m[38;2;200;50;50m[48;2;200;50;50m▄[0m[38;2;200;50;50m[48;2;200;50;50m▄[0m[38;2;200;50;50m[48;2;200;50;50m▄[0m[38;2;200;50;50m[48;2;200;50;50m▄[0m[38;2;200;50;50m[48;2;200;50;50m▄[0m[38;2;200;50;50m[48;2;200;50;50m▄[0m[38;2;200;50;50m[48;2;200;50;50m▄[0m
[38;2;30;30;60m[48;2;30;30;60m▄[0m[38;2;30;30;60m[48;2;30;30;60m▄[0m[38;2;30;30;60m[48;2;30;30;60m▄[0m[38;2;30;30;60m[48;2;30;30;60m▄[0m[38;2;30;30;60m[48;2;30;30;60m▄[0m[38;2;30;30;60m[48;2;30;30;60m▄[0m[38;2;30;30;60m[48;2;30;30;60m▄[0m[38;2;30;30;60m[48;2;30;30;60m▄[0m[38;2;30;30;60m[48;2;30;30;60m▄[0m[38;2;30;30;60m[48;2;30;30;60m▄[0m[38;2;200;50;50m[48;2;200;50;50m▄[0m[38;2;200;50;50m[48;2;200;50;50m▄[0m[38;2;200;50;50m[48;2;200;50;50m▄[0m[38;2;200;50;50m[48;2;200;50;50m▄[0m[38;2;200;50;50m[48;2;200;50;50m▄[0m[38;2;200;50;50m[48;2;200;50;50m▄[0m[38;2;200;50;50m[48;2;200;50;50m▄[0m[38;2;200;50;50m[48;2;200;50;50m▄[0m[38;2;200;50;50m[48;2;200;50;50m▄[0m[38;2;200;50;50m[48;2;200;50;50m▄[0m[38;2;200;50;50m[48;2;200;50;50m▄[0m[38;2;200;50;50m[48;2;200;50;50m▄[0m[38;2;200;50;50m[48;2;200;50;50m▄[0m[38;2;200;50;50m[48;2;200;50;50m▄[0m[38;2;200;50;50m[48;2;200;50;50m▄[0m[38;2;200;50;50m[48;2;200;50;50m▄[0m[38;2;200;50;50m[48;2;200;50;50m▄[0m[38;2;200;50;50m[48;2;200;50;50m▄[0m[38;2;200;50;50m[48;2;200;50;50m▄[0m[38;2;200;50;50m[48;2;200;50;50m▄[0m[38;2;200;50;50m[48;2;200;50;50m▄[0m[38;2;200;50;50m[48;2;200;50;50m▄[0m[38;2;200;50;50m[48;2;200;50;50m▄[0m[38;2;200;50;50m[48;2;200;50;50m▄[0m[38;2;200;50;50m[48;2;200;50;50m▄[0m[38;2;200;50;50m[48;2;200;50;50m▄[0m[38;2;200;50;50m[48;2;200;50;50m▄[0m[38;2;200;50;50m[48;2;200;50;50m▄[0m[38;2;200;50;50m[48;2;200;50;50m▄[0m[38;2;200;50;50m[48;2;200;50;50m▄[0m[38;2;200;50;50m[48;2;200;50;50m▄[0m[38;2;200;50;50m[48;2;200;50;50m▄[0m[38;2;200;50;50m[48;2;200;50;50m▄[0m[38;2;200;50;50m[48;2;200;50;50m▄[0m[38;2;200;50;50m[48;2;200;50;50m▄[0m[38;2;200;50;50m[48;2;200;50;50m▄[0m[38;2;200;50;50m[48;2;200;50;50m▄[0m[38;2;200;50;50m[48;2;200;50;50m▄[0m[38;2;200;50;50m[48;2;200;50;50m▄[0m[38;2;200;50;50m[48;2;200;50;50m▄[0m[38;2;200;50;50m[48;2;200;50;50m▄[0m[38;2;200;50;50m[48;2;200;50;50m▄[0m[38;2;200;50;50m[48;2;200;50;50m▄[0m[38;2;200;50;50m[48;2;200;50;50m▄[0m[38;2;200;50;50m[48;2;200;50;50m▄[0m[38;2;200;50;50m[48;2;200;50;50m▄[0m[38;2;200;50;50m[48;2;200;50;50m▄[0m[38;2;200;50;50m[48;2;200;50;50m▄[0m[38;2;200;50;50m[48;2;200;50;50m▄[0m[38;2;200;50;50m[48;2;200;50;50m▄[0m[38;2;200;50;50m[48;2;200;50;50m▄[0m[38;2;200;50;50m[48;2;200;50;50m▄[0m[38;2;200;50;50m[48;2;200;50;50m▄[0m[38;2;200;50;50m[48;2;200;50;50m▄[0m[38;2;200;50;50m[48;2;200;50;50m▄[0m[38;2;200;50;50m[48;2;200;50;50m▄[0m[38;2;200;50;50m[48;2;200;50;50m▄[0m[38;2;200;50;50m[48;2;200;50;50m▄[0m[38;2;200;50;50m[48;2;200;50;50m▄[0m[38;2;200;50;50m[48;2;200;50;50m▄[0m[38;2;200;50;50m[48;2;200;50;50m▄[0m[38;2;200;50;50m[48;2;200;50;50m▄[0m[38;2;200;50;50m[48;2;200;50;50m▄[0m[38;2;200;50;50m[48;2;200;50;50m▄[0m[38;2;200;50;50m[48;2;200;50;50m▄[0m[38;2;200;50;50m[48;2;200;50;50m▄[0m[38;2;200;50;50m[48;2;200;50;50m▄[0m[38;2;200;50;50m[48;2;200;50;50m▄[0m[38;2;200;50;50m[48;2;200;50;50m▄[0m[38;2;200;50;50m[48;2;200;50;50m▄[0m
[38;2;30;30;60m[48;2;30;30;60m▄[0m[38;2;30;30;60m[48;2;30;30;60m▄[0m[38;2;30;30;60m[48;2;30;30;60m▄[0m[38;2;30;30;60m[48;2;30;30;60m▄[0m[38;2;30;30;60m[48;2;30;30;60m▄[0m[38;2;30;30;60m[48;2;30;30;60m▄[0m[38;2;30;30;60m[48;2;30;30;60m▄[0m[38;2;30;30;60m[48;2;30;30;60m▄[0m[38;2;30;30;60m[48;2;30;30;60m▄[0m[38;2;30;30;60m[48;2;30;30;60m▄[0m[38;2;200;50;50m[48;2;200;50;50m▄[0m[38;2;200;50;50m[48;2;200;50;50m▄[0m[38;2;200;50;50m[48;2;200;50;50m▄[0m[38;2;200;50;50m[48;2;200;50;50m▄[0m[38;2;200;50;50m[48;2;200;50;50m▄[0m[38;2;200;50;50m[48;2;200;50;50m▄[0m[38;2;200;50;50m[48;2;200;50;50m▄[0m[38;2;200;50;50m[48;2;200;50;50m▄[0m[38;2;200;50;50m[48;2;200;50;50m▄[0m[38;2;200;50;50m[48;2;200;50;50m▄[0m[38;2;200;50;50m[48;2;200;50;50m▄[0m[38;2;200;50;50m[48;2;200;50;50m▄[0m[38;2;200;50;50m[48;2;200;50;50m▄[0m[38;2;200;50;50m[48;2;200;50;50m▄[0m[38;2;200;50;50m[48;2;200;50;50m▄[0m[38;2;200;50;50m[48;2;200;50;50m▄[0m[38;2;200;50;50m[48;2;200;50;50m▄[0m[38;2;200;50;50m[48;2;200;50;50m▄[0m[38;2;200;50;50m[48;2;200;50;50m▄[0m[38;2;200;50;50m[48;2;200;50;50m▄[0m[38;2;200;50;50m[48;2;200;50;50m▄[0m[38;2;200;50;50m[48;2;200;50;50m▄[0m[38;2;200;50;50m[48;2;200;50;50m▄[0m[38;2;200;50;50m[48;2;200;50;50m▄[0m[38;2;200;50;50m[48;2;200;50;50m▄[0m[38;2;200;50;50m[48;2;200;50;50m▄[0m[38;2;200;50;50m[48;2;200;50;50m▄[0m[38;2;200;50;50m[48;2;200;50;50m▄[0m[38;2;200;50;50m[48;2;200;50;50m▄[0m[38;2;200;50;50m[48;2;200;50;50m▄[0m[38;2;200;50;50m[48;2;200;50;50m▄[0m[38;2;200;50;50m[48;2;200;50;50m▄[0m[38;2;200;50;50m[48;2;200;50;50m▄[0m[38;2;200;50;50m[48;2;200;50;50m▄[0m[38;2;200;50;50m[48;2;200;50;50m▄[0m[38;2;200;50;50m[48;2;200;50;50m▄[0m[38;2;200;50;50m[48;2;200;50;50m▄[0m[38;2;200;50;50m[48;2;200;50;50m▄[0m[38;2;200;50;50m[48;2;200;50;50m▄[0m[38;2;200;50;50m[48;2;200;50;50m▄[0m[38;2;200;50;50m[48;2;200;50;50m▄[0m[38;2;200;50;50m[48;2;200;50;50m▄[0m[38;2;200;50;50m[48;2;200;50;50m▄[0m[38;2;200;50;50m[48;2;200;50;50m▄[0m[38;2;200;50;50m[48;2;200;50;50m▄[0m[38;2;200;50;50m[48;2;200;50;50m▄[0m[38;2;200;50;50m[48;2;200;50;50m▄[0m[38;2;200;50;50m[48;2;200;50;50m▄[0m[38;2;200;50;50m[48;2;200;50;50m▄[0m[38;2;200;50;50m[48;2;200;50;50m▄[0m[38;2;200;50;50m[48;2;200;50;50m▄[0m[38;2;200;50;50m[48;2;200;50;50m▄[0m[38;2;200;50;50m[48;2;200;50;50m▄[0m[38;2;200;50;50m[48;2;200;50;50m▄[0m[38;2;200;50;50m[48;2;200;50;50m▄[0m[38;2;200;50;50m[48;2;200;50;50m▄[0m[38;2;200;50;50m[48;2;200;50;50m▄[0m[38;2;200;50;50m[48;2;200;50;50m▄[0m[38;2;200;50;50m[48;2;200;50;50m▄[0m[38;2;200;50;50m[48;2;200;50;50m▄[0m[38;2;200;50;50m[48;2;200;50;50m▄[0m[38;2;200;50;50m[48;2;200;50;50m▄[0m[38;2;200;50;50m[48;2;200;50;50m▄[0m[38;2;200;50;50m[48;2;200;50;50m▄[0m[38;2;200;50;50m[48;2;200;50;50m▄[0m[38;2;200;50;50m[48;2;200;50;50m▄[0m[38;2;200;50;50m[48;2;200;50;50m▄[0m[38;2;200;50;50m[48;2;200;50;50m▄[0m[38;2;200;50;50m[48;2;200;50;50m▄[0m[38;2;200;50;50m[48;2;200;50;50m▄[0m
[38;2;30;30;60m[48;2;30;30;60m▄[0m[38;2;30;30;60m[48;2;30;30;60m▄[0m[38;2;30;30;60m[48;2;30;30;60m▄[0m[38;2;30;30;60m[48;2;30;30;60m▄[0m[38;2;30;30;60m[48;2;30;30;60m▄[0m[38;2;30;30;60m[48;2;30;30;60m▄[0m[38;2;30;30;60m[48;2;30;30;60m▄[0m[38;2;30;30;60m[48;2;30;30;60m▄[0m[38;2;30;30;60m[48;2;30;30;60m▄[0m[38;2;30;30;60m[48;2;30;30;60m▄[0m[38;2;200;50;50m[48;2;200;50;50m▄[0m[38;2;200;50;50m[48;2;200;50;50m▄[0m[38;2;200;50;50m[48;2;200;50;50m▄[0m[38;2;200;50;50m[48;2;200;50;50m▄[0m[38;2;200;50;50m[48;2;200;50;50m▄[0m[38;2;200;50;50m[48;2;200;50;50m▄[0m[38;2;200;50;50m[48;2;200;50;50m▄[0m[38;2;200;50;50m[48;2;200;50;50m▄[0m[38;2;200;50;50m[48;2;200;50;50m▄[0m[38;2;200;50;50m[48;2;200;50;50m▄[0m[38;2;200;50;50m[48;2;200;50;50m▄[0m[38;2;200;50;50m[48;2;200;50;50m▄[0m[38;2;200;50;50m[48;2;200;50;50m▄[0m[38;2;200;50;50m[48;2;200;50;50m▄[0m[38;2;200;50;50m[48;2;200;50;50m▄[0m[38;2;200;50;50m[48;2;200;50;50m▄[0m[38;2;200;50;50m[48;2;200;50;50m▄[0m[38;2;200;50;50m[48;2;200;50;50m▄[0m[38;2;200;50;50m[48;2;200;50;50m▄[0m[38;2;200;50;50m[48;2;200;50;50m▄[0m[38;2;200;50;50m[48;2;200;50;50m▄[0m[38;2;200;50;50m[48;2;200;50;50m▄[0m[38;2;200;50;50m[48;2;200;50;50m▄[0m[38;2;200;50;50m[48;2;200;50;50m▄[0m[38;2;200;50;50m[48;2;200;50;50m▄[0m[38;2;200;50;50m[48;2;200;50;50m▄[0m[38;2;200;50;50m[48;2;200;50;50m▄[0m[38;2;200;50;50m[48;2;200;50;50m▄[0m[38;2;200;50;50m[48;2;200;50;50m▄[0m[38;2;200;50;50m[48;2;200;50;50m▄[0m[38;2;200;50;50m[48;2;200;50;50m▄[0m[38;2;200;50;50m[48;2;200;50;50m▄[0m[38;2;200;50;50m[48;2;200;50;50m▄[0m[38;2;200;50;50m[48;2;200;50;50m▄[0m[38;2;200;50;50m[48;2;200;50;50m▄[0m[38;2;200;50;50m[48;2;200;50;50m▄[0m[38;2;200;50;50m[48;2;200;50;50m▄[0m[38;2;200;50;50m[48;2;200;50;50m▄[0m[38;2;200;50;50m[48;2;200;50;50m▄[0m[38;2;200;50;50m[48;2;200;50;50m▄[0m[38;2;200;50;50m[48;2;200;50;50m▄[0m[38;2;200;50;50m[48;2;200;50;50m▄[0m[38;2;200;50;50m[48;2;200;50;50m▄[0m[38;2;200;50;50m[48;2;200;50;50m▄[0m[38;2;200;50;50m[48;2;200;50;50m▄[0m[38;2;200;50;50m[48;2;200;50;50m▄[0m[38;2;200;50;50m[48;2;200;50;50m▄[0m[38;2;200;50;50m[48;2;200;50;50m▄[0m[38;2;200;50;50m[48;2;200;50;50m▄[0m[38;2;200;50;50m[48;2;200;50;50m▄[0m[38;2;200;50;50m[48;2;200;50;50m▄[0m[38;2;200;50;50m[48;2;200;50;50m▄[0m[38;2;200;50;50m[48;2;200;50;50m▄[0m[38;2;200;50;50m[48;2;200;50;50m▄[0m[38;2;200;50;50m[48;2;200;50;50m▄[0m[38;2;200;50;50m[48;2;200;50;50m▄[0m[38;2;200;50;50m[48;2;200;50;50m▄[0m[38;2;200;50;50m[48;2;200;50;50m▄[0m[38;2;200;50;50m[48;2;200;50;50m▄[0m[38;2;200;50;50m[48;2;200;50;50m▄[0m[38;2;200;50;50m[48;2;200;50;50m▄[0m[38;2;200;50;50m[48;2;200;50;50m▄[0m[38;2;200;50;50m[48;2;200;50;50m▄[0m[38;2;200;50;50m[48;2;200;50;50m▄[0m[38;2;200;50;50m[48;2;200;50;50m▄[0m[38;2;200;50;50m[48;2;200;50;50m▄[0m[38;2;200;50;50m[48;2;200;50;50m▄[0m[38;2;200;50;50m[48;2;200;50;50m▄[0m[38;2;200;50;50m[48;2;200;50;50m▄[0m[38;2;200;50;50m[48;2;200;50;50m▄[0m
[38;2;30;30;60m[48;2;30;30;60m▄[0m[38;2;30;30;60m[48;2;30;30;60m▄[0m[38;2;30;30;60m[48;2;30;30;60m▄[0m[38;2;30;30;60m[48;2;30;30;60m▄[0m[38;2;30;30;60m[48;2;30;30;60m▄[0m[38;2;30;30;60m[48;2;30;30;60m▄[0m[38;2;30;30;60m[48;2;30;30;60m▄[0m[38;2;30;30;60m[48;2;30;30;60m▄[0m[38;2;30;30;60m[48;2;30;30;60m▄[0m[38;2;30;30;60m[48;2;30;30;60m▄[0m[38;2;200;50;50m[48;2;200;50;50m▄[0m[38;2;200;50;50m[48;2;200;50;50m▄[0m[38;2;200;50;50m[48;2;200;50;50m▄[0m[38;2;200;50;50m[48;2;200;50;50m▄[0m[38;2;200;50;50m[48;2;200;50;50m▄[0m[38;2;200;50;50m[48;2;200;50;50m▄[0m[38;2;200;50;50m[48;2;200;50;50m▄[0m[38;2;200;50;50m[48;2;200;50;50m▄[0m[38;2;200;50;50m[48;2;200;50;50m▄[0m[38;2;200;50;50m[48;2;200;50;50m▄[0m[38;2;200;50;50m[48;2;200;50;50m▄[0m[38;2;200;50;50m[48;2;200;50;50m▄[0m[38;2;200;50;50m[48;2;200;50;50m▄[0m[38;2;200;50;50m[48;2;200;50;50m▄[0m[38;2;200;50;50m[48;2;200;50;50m▄[0m[38;2;200;50;50m[48;2;200;50;50m▄[0m[38;2;200;50;50m[48;2;200;50;50m▄[0m[38;2;200;50;50m[48;2;200;50;50m▄[0m[38;2;200;50;50m[48;2;200;50;50m▄[0m[38;2;200;50;50m[48;2;200;50;50m▄[0m[38;2;200;50;50m[48;2;200;50;50m▄[0m[38;2;200;50;50m[48;2;200;50;50m▄[0m[38;2;200;50;50m[48;2;200;50;50m▄[0m[38;2;200;50;50m[48;2;200;50;50m▄[0m[38;2;200;50;50m[48;2;200;50;50m▄[0m[38;2;200;50;50m[48;2;200;50;50m▄[0m[38;2;200;50;50m[48;2;200;50;50m▄[0m[38;2;200;50;50m[48;2;200;50;50m▄[0m[38;2;200;50;50m[48;2;200;50;50m▄[0m[38;2;200;50;50m[48;2;200;50;50m▄[0m[38;2;200;50;50m[48;2;200;50;50m▄[0m[38;2;200;50;50m[48;2;200;50;50m▄[0m[38;2;200;50;50m[48;2;200;50;50m▄[0m[38;2;200;50;50m[48;2;200;50;50m▄[0m[38;2;200;50;50m[48;2;200;50;50m▄[0m[38;2;200;50;50m[48;2;200;50;50m▄[0m[38;2;200;50;50m[48;2;200;50;50m▄[0m[38;2;200;50;50m[48;2;200;50;50m▄[0m[38;2;200;50;50m[48;2;200;50;50m▄[0m[38;2;200;50;50m[48;2;200;50;50m▄[0m[38;2;200;50;50m[48;2;200;50;50m▄[0m[38;2;200;50;50m[48;2;200;50;50m▄[0m[38;2;200;50;50m[48;2;200;50;50m▄[0m[38;2;200;50;50m[48;2;200;50;50m▄[0m[38;2;200;50;50m[48;2;200;50;50m▄[0m[38;2;200;50;50m[48;2;200;50;50m▄[0m[38;2;200;50;50m[48;2;200;50;50m▄[0m[38;2;200;50;50m[48;2;200;50;50m▄[0m[38;2;200;50;50m[48;2;200;50;50m▄[0m[38;2;200;50;50m[48;2;200;50;50m▄[0m[38;2;200;50;50m[48;2;200;50;50m▄[0m[38;2;200;50;50m[48;2;200;50;50m▄[0m[38;2;200;50;50m[48;2;200;50;50m▄[0m[38;2;200;50;50m[48;2;200;50;50m▄[0m[38;2;200;50;50m[48;2;200;50;50m▄[0m[38;2;200;50;50m[48;2;200;50;50m▄[0m[38;2;200;50;50m[48;2;200;50;50m▄[0m[38;2;200;50;50m[48;2;200;50;50m▄[0m[38;2;200;50;50m[48;2;200;50;50m▄[0m[38;2;200;50;50m[48;2;200;50;50m▄[0m[38;2;200;50;50m[48;2;200;50;50m▄[0m[38;2;200;50;50m[48;2;200;50;50m▄[0m[38;2;200;50;50m[48;2;200;50;50m▄[0m[38;2;200;50;50m[48;2;200;50;50m▄[0m[38;2;200;50;50m[48;2;200;50;50m▄[0m[38;2;200;50;50m[48;2;200;50;50m▄[0m[38;2;200;50;50m[48;2;200;50;50m▄[0m[38;2;200;50;50m[48;2;200;50;50m▄[0m[38;2;200;50;50m[48;2;200;50;50m▄[0m[38;2;200;50;50m[48;2;200;50;50m▄[0m
[38;2;30;30;60m[48;2;30;30;60m▄[0m[38;2;30;30;60m[48;2;30;30;60m▄[0m[38;2;30;30;60m[48;2;30;30;60m▄[0m[38;2;30;30;60m[48;2;30;30;60m▄[0m[38;2;30;30;60m[48;2;30;30;60m▄[0m[38;2;30;30;60m[48;2;30;30;60m▄[0m[38;2;30;30;60m[48;2;30;30;60m▄[0m[38;2;30;30;60m[48;2;30;30;60m▄[0m[38;2;30;30;60m[48;2;30;30;60m▄[0m[38;2;30;30;60m[48;2;30;30;60m▄[0m[38;2;200;50;50m[48;2;200;50;50m▄[0m[38;2;200;50;50m[48;2;200;50;50m▄[0m[38;2;200;50;50m[48;2;200;50;50m▄[0m[38;2;200;50;50m[48;2;200;50;50m▄[0m[38;2;200;50;50m[48;2;200;50;50m▄[0m[38;2;200;50;50m[48;2;200;50;50m▄[0m[38;2;200;50;50m[48;2;200;50;50m▄[0m[38;2;200;50;50m[48;2;200;50;50m▄[0m[38;2;200;50;50m[48;2;200;50;50m▄[0m[38;2;200;50;50m[48;2;200;50;50m▄[0m[38;2;200;50;50m[48;2;200;50;50m▄[0m[38;2;200;50;50m[48;2;200;50;50m▄[0m[38;2;200;50;50m[48;2;200;50;50m▄[0m[38;2;200;50;50m[48;2;200;50;50m▄[0m[38;2;200;50;50m[48;2;200;50;50m▄[0m[38;2;200;50;50m[48;2;200;50;50m▄[0m[38;2;200;50;50m[48;2;200;50;50m▄[0m[38;2;200;50;50m[48;2;200;50;50m▄[0m[38;2;200;50;50m[48;2;200;50;50m▄[0m[38;2;200;50;50m[48;2;200;50;50m▄[0m[38;2;200;50;50m[48;2;200;50;50m▄[0m[38;2;200;50;50m[48;2;200;50;50m▄[0m[38;2;200;50;50m[48;2;200;50;50m▄[0m[38;2;200;50;50m[48;2;200;50;50m▄[0m[38;2;200;50;50m[48;2;200;50;50m▄[0m[38;2;200;50;50m[48;2;200;50;50m▄[0m[38;2;200;50;50m[48;2;200;50;50m▄[0m[38;2;200;50;50m[48;2;200;50;50m▄[0m[38;2;200;50;50m[48;2;200;50;50m▄[0m[38;2;200;50;50m[48;2;200;50;50m▄[0m[38;2;200;50;50m[48;2;200;50;50m▄[0m[38;2;200;50;50m[48;2;200;50;50m▄[0m[38;2;200;50;50m[48;2;200;50;50m▄[0m[38;2;200;50;50m[48;2;200;50;50m▄[0m[38;2;200;50;50m[48;2;200;50;50m▄[0m[38;2;200;50;50m[48;2;200;50;50m▄[0m[38;2;200;50;50m[48;2;200;50;50m▄[0m[38;2;200;50;50m[48;2;200;50;50m▄[0m[38;2;200;50;50m[48;2;200;50;50m▄[0m[38;2;200;50;50m[48;2;200;50;50m▄[0m[38;2;200;50;50m[48;2;200;50;50m▄[0m[38;2;200;50;50m[48;2;200;50;50m▄[0m[38;2;200;50;50m[48;2;200;50;50m▄[0m[38;2;200;50;50m[48;2;200;50;50m▄[0m[38;2;200;50;50m[48;2;200;50;50m▄[0m[38;2;200;50;50m[48;2;200;50;50m▄[0m[38;2;200;50;50m[48;2;200;50;50m▄[0m[38;2;200;50;50m[48;2;200;50;50m▄[0m[38;2;200;50;50m[48;2;200;50;50m▄[0m[38;2;200;50;50m[48;2;200;50;50m▄[0m[38;2;200;50;50m[48;2;200;50;50m▄[0m[38;2;200;50;50m[48;2;200;50;50m▄[0m[38;2;200;50;50m[48;2;200;50;50m▄[0m[38;2;200;50;50m[48;2;200;50;50m▄[0m[38;2;200;50;50m[48;2;200;50;50m▄[0m[38;2;200;50;50m[48;2;200;50;50m▄[0m[38;2;200;50;50m[48;2;200;50;50m▄[0m[38;2;200;50;50m[48;2;200;50;50m▄[0m[38;2;200;50;50m[48;2;200;50;50m▄[0m[38;2;200;50;50m[48;2;200;50;50m▄[0m[38;2;200;50;50m[48;2;200;50;50m▄[0m[38;2;200;50;50m[48;2;200;50;50m▄[0m[38;2;200;50;50m[48;2;200;50;50m▄[0m[38;2;200;50;50m[48;2;200;50;50m▄[0m[38;2;200;50;50m[48;2;200;50;50m▄[0m[38;2;200;50;50m[48;2;200;50;50m▄[0m[38;2;200;50;50m[48;2;200;50;50m▄[0m[38;2;200;50;50m[48;2;200;50;50m▄[0m[38;2;200;50;50m[48;2;200;50;50m▄[0m[38;2;200;50;50m[48;2;200;50;50m▄[0m
[38;2;30;30;60m[48;2;30;30;60m▄[0m[38;2;30;30;60m[48;2;30;30;60m▄[0m[38;2;30;30;60m[48;2;30;30;60m▄[0m[38;2;30;30;60m[48;2;30;30;60m▄[0m[38;2;30;30;60m[48;2;30;30;60m▄[0m[38;2;30;30;60m[48;2;30;30;60m▄[0m[38;2;30;30;60m[48;2;30;30;60m▄[0m[38;2;30;30;60m[48;2;30;30;60m▄[0m[38;2;30;30;60m[48;2;30;30;60m▄[0m[38;2;30;30;60m[48;2;30;30;60m▄[0m[38;2;200;50;50m[48;2;200;50;50m▄[0m[38;2;200;50;50m[48;2;200;50;50m▄[0m[38;2;200;50;50m[48;2;200;50;50m▄[0m[38;2;200;50;50m[48;2;200;50;50m▄[0m[38;2;200;50;50m[48;2;200;50;50m▄[0m[38;2;200;50;50m[48;2;200;50;50m▄[0m[38;2;200;50;50m[48;2;200;50;50m▄[0m[38;2;200;50;50m[48;2;200;50;50m▄[0m[38;2;200;50;50m[48;2;200;50;50m▄[0m[38;2;200;50;50m[48;2;200;50;50m▄[0m[38;2;200;50;50m[48;2;200;50;50m▄[0m[38;2;200;50;50m[48;2;200;50;50m▄[0m[38;2;200;50;50m[48;2;200;50;50m▄[0m[38;2;200;50;50m[48;2;200;50;50m▄[0m[38;2;200;50;50m[48;2;200;50;50m▄[0m[38;2;200;50;50m[48;2;200;50;50m▄[0m[38;2;200;50;50m[48;2;200;50;50m▄[0m[38;2;200;50;50m[48;2;200;50;50m▄[0m[38;2;200;50;50m[48;2;200;50;50m▄[0m[38;2;200;50;50m[48;2;200;50;50m▄[0m[38;2;200;50;50m[48;2;200;50;50m▄[0m[38;2;200;50;50m[48;2;200;50;50m▄[0m[38;2;200;50;50m[48;2;200;50;50m▄[0m[38;2;200;50;50m[48;2;200;50;50m▄[0m[38;2;200;50;50m[48;2;200;50;50m▄[0m[38;2;200;50;50m[48;2;200;50;50m▄[0m[38;2;200;50;50m[48;2;200;50;50m▄[0m[38;2;200;50;50m[48;2;200;50;50m▄[0m[38;2;200;50;50m[48;2;200;50;50m▄[0m[38;2;200;50;50m[48;2;200;50;50m▄[0m[38;2;200;50;50m[48;2;200;50;50m▄[0m[38;2;200;50;50m[48;2;200;50;50m▄[0m[38;2;200;50;50m[48;2;200;50;50m▄[0m[38;2;200;50;50m[48;2;200;50;50m▄[0m[38;2;200;50;50m[48;2;200;50;50m▄[0m[38;2;200;50;50m[48;2;200;50;50m▄[0m[38;2;200;50;50m[48;2;200;50;50m▄[0m[38;2;200;50;50m[48;2;200;50;50m▄[0m[38;2;200;50;50m[48;2;200;50;50m▄[0m[38;2;200;50;50m[48;2;200;50;50m▄[0m[38;2;200;50;50m[48;2;200;50;50m▄[0m[38;2;200;50;50m[48;2;200;50;50m▄[0m[38;2;200;50;50m[48;2;200;50;50m▄[0m[38;2;200;50;50m[48;2;200;50;50m▄[0m[38;2;200;50;50m[48;2;200;50;50m▄[0m[38;2;200;50;50m[48;2;200;50;50m▄[0m[38;2;200;50;50m[48;2;200;50;50m▄[0m[38;2;200;50;50m[48;2;200;50;50m▄[0m[38;2;200;50;50m[48;2;200;50;50m▄[0m[38;2;200;50;50m[48;2;200;50;50m▄[0m[38;2;200;50;50m[48;2;200;50;50m▄[0m[38;2;200;50;50m[48;2;200;50;50m▄[0m[38;2;200;50;50m[48;2;200;50;50m▄[0m[38;2;200;50;50m[48;2;200;50;50m▄[0m[38;2;200;50;50m[48;2;200;50;50m▄[0m[38;2;200;50;50m[48;2;200;50;50m▄[0m[38;2;200;50;50m[48;2;200;50;50m▄[0m[38;2;200;50;50m[48;2;200;50;50m▄[0m[38;2;200;50;50m[48;2;200;50;50m▄[0m[38;2;200;50;50m[48;2;200;50;50m▄[0m[38;2;200;50;50m[48;2;200;50;50m▄[0m[38;2;200;50;50m[48;2;200;50;50m▄[0m[38;2;200;50;50m[48;2;200;50;50m▄[0m[38;2;200;50;50m[48;2;200;50;50m▄[0m[38;2;200;50;50m[48;2;200;50;50m▄[0m[38;2;200;50;50m[48;2;200;50;50m▄[0m[38;2;200;50;50m[48;2;200;50;50m▄[0m[38;2;200;50;50m[48;2;200;50;50m▄[0m[38;2;200;50;50m[48;2;200;50;50m▄[0m[38;2;200;50;50m[48;2;200;50;50m▄[0m
[38;2;30;30;60m[48;2;30;30;60m▄[0m[38;2;30;30;60m[48;2;30;30;60m▄[0m[38;2;30;30;60m[48;2;30;30;60m▄[0m[38;2;30;30;60m[48;2;30;30;60m▄[0m[38;2;30;30;60m[48;2;30;30;60m▄[0m[38;2;30;30;60m[48;2;30;30;60m▄[0m[38;2;30;30;60m[48;2;30;30;60m▄[0m[38;2;30;30;60m[48;2;30;30;60m▄[0m[38;2;30;30;60m[48;2;30;30;60m▄[0m[38;2;30;30;60m[48;2;30;30;60m▄[0m[38;2;200;50;50m[48;2;200;50;50m▄[0m[38;2;200;50;50m[48;2;200;50;50m▄[0m[38;2;200;50;50m[48;2;200;50;50m▄[0m[38;2;200;50;50m[48;2;200;50;50m▄[0m[38;2;200;50;50m[48;2;200;50;50m▄[0m[38;2;200;50;50m[48;2;200;50;50m▄[0m[38;2;200;50;50m[48;2;200;50;50m▄[0m[38;2;200;50;50m[48;2;200;50;50m▄[0m[38;2;200;50;50m[48;2;200;50;50m▄[0m[38;2;200;50;50m[48;2;200;50;50m▄[0m[38;2;200;50;50m[48;2;200;50;50m▄[0m[38;2;200;50;50m[48;2;200;50;50m▄[0m[38;2;200;50;50m[48;2;200;50;50m▄[0m[38;2;200;50;50m[48;2;200;50;50m▄[0m[38;2;200;50;50m[48;2;200;50;50m▄[0m[38;2;200;50;50m[48;2;200;50;50m▄[0m[38;2;200;50;50m[48;2;200;50;50m▄[0m[38;2;200;50;50m[48;2;200;50;50m▄[0m[38;2;200;50;50m[48;2;200;50;50m▄[0m[38;2;200;50;50m[48;2;200;50;50m▄[0m[38;2;200;50;50m[48;2;200;50;50m▄[0m[38;2;200;50;50m[48;2;200;50;50m▄[0m[38;2;200;50;50m[48;2;200;50;50m▄[0m[38;2;200;50;50m[48;2;200;50;50m▄[0m[38;2;200;50;50m[48;2;200;50;50m▄[0m[38;2;200;50;50m[48;2;200;50;50m▄[0m[38;2;200;50;50m[48;2;200;50;50m▄[0m[38;2;200;50;50m[48;2;200;50;50m▄[0m[38;2;200;50;50m[48;2;200;50;50m▄[0m[38;2;200;50;50m[48;2;200;50;50m▄[0m[38;2;200;50;50m[48;2;200;50;50m▄[0m[38;2;200;50;50m[48;2;200;50;50m▄[0m[38;2;200;50;50m[48;2;200;50;50m▄[0m[38;2;200;50;50m[48;2;200;50;50m▄[0m[38;2;200;50;50m[48;2;200;50;50m▄[0m[38;2;200;50;50m[48;2;200;50;50m▄[0m[38;2;200;50;50m[48;2;200;50;50m▄[0m[38;2;200;50;50m[48;2;200;50;50m▄[0m[38;2;200;50;50m[48;2;200;50;50m▄[0m[38;2;200;50;50m[48;2;200;50;50m▄[0m[38;2;200;50;50m[48;2;200;50;50m▄[0m[38;2;200;50;50m[48;2;200;50;50m▄[0m[38;2;200;50;50m[48;2;200;50;50m▄[0m[38;2;200;50;50m[48;2;200;50;50m▄[0m[38;2;200;50;50m[48;2;200;50;50m▄[0m[38;2;200;50;50m[48;2;200;50;50m▄[0m[38;2;200;50;50m[48;2;200;50;50m▄[0m[38;2;200;50;50m[48;2;200;50;50m▄[0m[38;2;200;50;50m[48;2;200;50;50m▄[0m[38;2;200;50;50m[48;2;200;50;50m▄[0m[38;2;200;50;50m[48;2;200;50;50m▄[0m[38;2;200;50;50m[48;2;200;50;50m▄[0m[38;2;200;50;50m[48;2;200;50;50m▄[0m[38;2;200;50;50m[48;2;200;50;50m▄[0m[38;2;200;50;50m[48;2;200;50;50m▄[0m[38;2;200;50;50m[48;2;200;50;50m▄[0m[38;2;200;50;50m[48;2;200;50;50m▄[0m[38;2;200;50;50m[48;2;200;50;50m▄[0m[38;2;200;50;50m[48;2;200;50;50m▄[0m[38;2;200;50;50m[48;2;200;50;50m▄[0m[38;2;200;50;50m[48;2;200;50;50m▄[0m[38;2;200;50;50m[48;2;200;50;50m▄[0m[38;2;200;50;50m[48;2;200;50;50m▄[0m[38;2;200;50;50m[48;2;200;50;50m▄[0m[38;2;200;50;50m[48;2;200;50;50m▄[0m[38;2;200;50;50m[48;2;200;50;50m▄[0m[38;2;200;50;50m[48;2;200;50;50m▄[0m[38;2;200;50;50m[48;2;200;50;50m▄[0m[38;2;200;50;50m[48;2;200;50;50m▄[0m[38;2;200;50;50m[48;2;200;50;50m▄[0m
[38;2;30;30;60m[48;2;30;30;60m▄[0m[38;2;30;30;60m[48;2;30;30;60m▄[0m[38;2;30;30;60m[48;2;30;30;60m▄[0m[38;2;30;30;60m[48;2;30;30;60m▄[0m[38;2;30;30;60m[48;2;30;30;60m▄[0m[38;2;30;30;60m[48;2;30;30;60m▄[0m[38;2;30;30;60m[48;2;30;30;60m▄[0m[38;2;30;30;60m[48;2;30;30;60m▄[0m[38;2;30;30;60m[48;2;30;30;60m▄[0m[38;2;30;30;60m[48;2;30;30;60m▄[0m[38;2;200;50;50m[48;2;200;50;50m▄[0m[38;2;200;50;50m[48;2;200;50;50m▄[0m[38;2;200;50;50m[48;2;200;50;50m▄[0m[38;2;200;50;50m[48;2;200;50;50m▄[0m[38;2;200;50;50m[48;2;200;50;50m▄[0m[38;2;200;50;50m[48;2;200;50;50m▄[0m[38;2;200;50;50m[48;2;200;50;50m▄[0m[38;2;200;50;50m[48;2;200;50;50m▄[0m[38;2;200;50;50m[48;2;200;50;50m▄[0m[38;2;200;50;50m[48;2;200;50;50m▄[0m[38;2;200;50;50m[48;2;200;50;50m▄[0m[38;2;200;50;50m[48;2;200;50;50m▄[0m[38;2;200;50;50m[48;2;200;50;50m▄[0m[38;2;200;50;50m[48;2;200;50;50m▄[0m[38;2;200;50;50m[48;2;200;50;50m▄[0m[38;2;200;50;50m[48;2;200;50;50m▄[0m[38;2;200;50;50m[48;2;200;50;50m▄[0m[38;2;200;50;50m[48;2;200;50;50m▄[0m[38;2;200;50;50m[48;2;200;50;50m▄[0m[38;2;200;50;50m[48;2;200;50;50m▄[0m[38;2;200;50;50m[48;2;200;50;50m▄[0m[38;2;200;50;50m[48;2;200;50;50m▄[0m[38;2;200;50;50m[48;2;200;50;50m▄[0m[38;2;200;50;50m[48;2;200;50;50m▄[0m[38;2;200;50;50m[48;2;200;50;50m▄[0m[38;2;200;50;50m[48;2;200;50;50m▄[0m[38;2;200;50;50m[48;2;200;50;50m▄[0m[38;2;200;50;50m[48;2;200;50;50m▄[0m[38;2;200;50;50m[48;2;200;50;50m▄[0m[38;2;200;50;50m[48;2;200;50;50m▄[0m[38;2;200;50;50m[48;2;200;50;50m▄[0m[38;2;200;50;50m[48;2;200;50;50m▄[0m[38;2;200;50;50m[48;2;200;50;50m▄[0m[38;2;200;50;50m[48;2;200;50;50m▄[0m[38;2;200;50;50m[48;2;200;50;50m▄[0m[38;2;200;50;50m[48;2;200;50;50m▄[0m[38;2;200;50;50m[48;2;200;50;50m▄[0m[38;2;200;50;50m[48;2;200;50;50m▄[0m[38;2;200;50;50m[48;2;200;50;50m▄[0m[38;2;200;50;50m[48;2;200;50;50m▄[0m[38;2;200;50;50m[48;2;200;50;50m▄[0m[38;2;200;50;50m[48;2;200;50;50m▄[0m[38;2;200;50;50m[48;2;200;50;50m▄[0m[38;2;200;50;50m[48;2;200;50;50m▄[0m[38;2;200;50;50m[48;2;200;50;50m▄[0m[38;2;200;50;50m[48;2;200;50;50m▄[0m[38;2;200;50;50m[48;2;200;50;50m▄[0m[38;2;200;50;50m[48;2;200;50;50m▄[0m[38;2;200;50;50m[48;2;200;50;50m▄[0m[38;2;200;50;50m[48;2;200;50;50m▄[0m[38;2;200;50;50m[48;2;200;50;50m▄[0m[38;2;200;50;50m[48;2;200;50;50m▄[0m[38;2;200;50;50m[48;2;200;50;50m▄[0m[38;2;200;50;50m[48;2;200;50;50m▄[0m[38;2;200;50;50m[48;2;200;50;50m▄[0m[38;2;200;50;50m[48;2;200;50;50m▄[0m[38;2;200;50;50m[48;2;200;50;50m▄[0m[38;2;200;50;50m[48;2;200;50;50m▄[0m[38;2;200;50;50m[48;2;200;50;50m▄[0m[38;2;200;50;50m[48;2;200;50;50m▄[0m[38;2;200;50;50m[48;2;200;50;50m▄[0m[38;2;200;50;50m[48;2;200;50;50m▄[0m[38;2;200;50;50m[48;2;200;50;50m▄[0m[38;2;200;50;50m[48;2;200;50;50m▄[0m[38;2;200;50;50m[48;2;200;50;50m▄[0m[38;2;200;50;50m[48;2;200;50;50m▄[0m[38;2;200;50;50m[48;2;200;50;50m▄[0m[38;2;200;50;50m[48;2;200;50;50m▄[0m[38;2;200;50;50m[48;2;200;50;50m▄[0m[38;2;200;50;50m[48;2;200;50;50m▄[0m
[38;2;30;30;60m[48;2;30;30;60m▄[0m[38;2;30;30;60m[48;2;30;30;60m▄[0m[38;2;30;30;60m[48;2;30;30;60m▄[0m[38;2;30;30;60m[48;2;30;30;60m▄[0m[38;2;30;30;60m[48;2;30;30;60m▄[0m[38;2;30;30;60m[48;2;30;30;60m▄[0m[38;2;30;30;60m[48;2;30;30;60m▄[0m[38;2;30;30;60m[48;2;30;30;60m▄[0m[38;2;30;30;60m[48;2;30;30;60m▄[0m[38;2;30;30;60m[48;2;30;30;60m▄[0m[38;2;200;50;50m[48;2;200;50;50m▄[0m[38;2;200;50;50m[48;2;200;50;50m▄[0m[38;2;200;50;50m[48;2;200;50;50m▄[0m[38;2;200;50;50m[48;2;200;50;50m▄[0m[38;2;200;50;50m[48;2;200;50;50m▄[0m[38;2;200;50;50m[48;2;200;50;50m▄[0m[38;2;200;50;50m[48;2;200;50;50m▄[0m[38;2;200;50;50m[48;2;200;50;50m▄[0m[38;2;200;50;50m[48;2;200;50;50m▄[0m[38;2;200;50;50m[48;2;200;50;50m▄[0m[38;2;200;50;50m[48;2;200;50;50m▄[0m[38;2;200;50;50m[48;2;200;50;50m▄[0m[38;2;200;50;50m[48;2;200;50;50m▄[0m[38;2;200;50;50m[48;2;200;50;50m▄[0m[38;2;200;50;50m[48;2;200;50;50m▄[0m[38;2;200;50;50m[48;2;200;50;50m▄[0m[38;2;200;50;50m[48;2;200;50;50m▄[0m[38;2;200;50;50m[48;2;200;50;50m▄[0m[38;2;200;50;50m[48;2;200;50;50m▄[0m[38;2;200;50;50m[48;2;200;50;50m▄[0m[38;2;200;50;50m[48;2;200;50;50m▄[0m[38;2;200;50;50m[48;2;200;50;50m▄[0m[38;2;200;50;50m[48;2;200;50;50m▄[0m[38;2;200;50;50m[48;2;200;50;50m▄[0m[38;2;200;50;50m[48;2;200;50;50m▄[0m[38;2;200;50;50m[48;2;200;50;50m▄[0m[38;2;200;50;50m[48;2;200;50;50m▄[0m[38;2;200;50;50m[48;2;200;50;50m▄[0m[38;2;200;50;50m[48;2;200;50;50m▄[0m[38;2;200;50;50m[48;2;200;50;50m▄[0m[38;2;200;50;50m[48;2;200;50;50m▄[0m[38;2;200;50;50m[48;2;200;50;50m▄[0m[38;2;200;50;50m[48;2;200;50;50m▄[0m[38;2;200;50;50m[48;2;200;50;50m▄[0m[38;2;200;50;50m[48;2;200;50;50m▄[0m[38;2;200;50;50m[48;2;200;50;50m▄[0m[38;2;200;50;50m[48;2;200;50;50m▄[0m[38;2;200;50;50m[48;2;200;50;50m▄[0m[38;2;200;50;50m[48;2;200;50;50m▄[0m[38;2;200;50;50m[48;2;200;50;50m▄[0m[38;2;200;50;50m[48;2;200;50;50m▄[0m[38;2;200;50;50m[48;2;200;50;50m▄[0m[38;2;200;50;50m[48;2;200;50;50m▄[0m[38;2;200;50;50m[48;2;200;50;50m▄[0m[38;2;200;50;50m[48;2;200;50;50m▄[0m[38;2;200;50;50m[48;2;200;50;50m▄[0m[38;2;200;50;50m[48;2;200;50;50m▄[0m[38;2;200;50;50m[48;2;200;50;50m▄[0m[38;2;200;50;50m[48;2;200;50;50m▄[0m[38;2;200;50;50m[48;2;200;50;50m▄[0m[38;2;200;50;50m[48;2;200;50;50m▄[0m[38;2;200;50;50m[48;2;200;50;50m▄[0m[38;2;200;50;50m[48;2;200;50;50m▄[0m[38;2;200;50;50m[48;2;200;50;50m▄[0m[38;2;200;50;50m[48;2;200;50;50m▄[0m[38;2;200;50;50m[48;2;200;50;50m▄[0m[38;2;200;50;50m[48;2;200;50;50m▄[0m[38;2;200;50;50m[48;2;200;50;50m▄[0m[38;2;200;50;50m[48;2;200;50;50m▄[0m[38;2;200;50;50m[48;2;200;50;50m▄[0m[38;2;200;50;50m[48;2;200;50;50m▄[0m[38;2;200;50;50m[48;2;200;50;50m▄[0m[38;2;200;50;50m[48;2;200;50;50m▄[0m[38;2;200;50;50m[48;2;200;50;50m▄[0m[38;2;200;50;50m[48;2;200;50;50m▄[0m[38;2;200;50;50m[48;2;200;50;50m▄[0m[38;2;200;50;50m[48;2;200;50;50m▄[0m[38;2;200;50;50m[48;2;200;50;50m▄[0m[38;2;200;50;50m[48;2;200;50;50m▄[0m[38;2;200;50;50m[48;2;200;50;50m▄[0m
[38;2;30;30;60m[48;2;30;30;60m▄[0m[38;2;30;30;60m[48;2;30;30;60m▄[0m[38;2;30;30;60m[48;2;30;30;60m▄[0m[38;2;30;30;60m[48;2;30;30;60m▄[0m[38;2;30;30;60m[48;2;30;30;60m▄[0m[38;2;30;30;60m[48;2;30;30;60m▄[0m[38;2;30;30;60m[48;2;30;30;60m▄[0m[38;2;30;30;60m[48;2;30;30;60m▄[0m[38;2;30;30;60m[48;2;30;30;60m▄[0m[38;2;30;30;60m[48;2;30;30;60m▄[0m[38;2;200;50;50m[48;2;200;50;50m▄[0m[38;2;200;50;50m[48;2;200;50;50m▄[0m[38;2;200;50;50m[48;2;200;50;50m▄[0m[38;2;200;50;50m[48;2;200;50;50m▄[0m[38;2;200;50;50m[48;2;200;50;50m▄[0m[38;2;200;50;50m[48;2;200;50;50m▄[0m[38;2;200;50;50m[48;2;200;50;50m▄[0m[38;2;200;50;50m[48;2;200;50;50m▄[0m[38;2;200;50;50m[48;2;200;50;50m▄[0m[38;2;200;50;50m[48;2;200;50;50m▄[0m[38;2;200;50;50m[48;2;200;50;50m▄[0m[38;2;200;50;50m[48;2;200;50;50m▄[0m[38;2;200;50;50m[48;2;200;50;50m▄[0m[38;2;200;50;50m[48;2;200;50;50m▄[0m[38;2;200;50;50m[48;2;200;50;50m▄[0m[38;2;200;50;50m[48;2;200;50;50m▄[0m[38;2;200;50;50m[48;2;200;50;50m▄[0m[38;2;200;50;50m[48;2;200;50;50m▄[0m[38;2;200;50;50m[48;2;200;50;50m▄[0m[38;2;200;50;50m[48;2;200;50;50m▄[0m[38;2;200;50;50m[48;2;200;50;50m▄[0m[38;2;200;50;50m[48;2;200;50;50m▄[0m[38;2;200;50;50m[48;2;200;50;50m▄[0m[38;2;200;50;50m[48;2;200;50;50m▄[0m[38;2;200;50;50m[48;2;200;50;50m▄[0m[38;2;200;50;50m[48;2;200;50;50m▄[0m[38;2;200;50;50m[48;2;200;50;50m▄[0m[38;2;200;50;50m[48;2;200;50;50m▄[0m[38;2;200;50;50m[48;2;200;50;50m▄[0m[38;2;200;50;50m[48;2;200;50;50m▄[0m[38;2;200;50;50m[48;2;200;50;50m▄[0m[38;2;200;50;50m[48;2;200;50;50m▄[0m[38;2;200;50;50m[48;2;200;50;50m▄[0m[38;2;200;50;50m[48;2;200;50;50m▄[0m[38;2;200;50;50m[48;2;200;50;50m▄[0m[38;2;200;50;50m[48;2;200;50;50m▄[0m[38;2;200;50;50m[48;2;200;50;50m▄[0m[38;2;200;50;50m[48;2;200;50;50m▄[0m[38;2;200;50;50m[48;2;200;50;50m▄[0m[38;2;200;50;50m[48;2;200;50;50m▄[0m[38;2;200;50;50m[48;2;200;50;50m▄[0m[38;2;200;50;50m[48;2;200;50;50m▄[0m[38;2;200;50;50m[48;2;200;50;50m▄[0m[38;2;200;50;50m[48;2;200;50;50m▄[0m[38;2;200;50;50m[48;2;200;50;50m▄[0m[38;2;200;50;50m[48;2;200;50;50m▄[0m[38;2;200;50;50m[48;2;200;50;50m▄[0m[38;2;200;50;50m[48;2;200;50;50m▄[0m[38;2;200;50;50m[48;2;200;50;50m▄[0m[38;2;200;50;50m[48;2;200;50;50m▄[0m[38;2;200;50;50m[48;2;200;50;50m▄[0m[38;2;200;50;50m[48;2;200;50;50m▄[0m[38;2;200;50;50m[48;2;200;50;50m▄[0m[38;2;200;50;50m[48;2;200;50;50m▄[0m[38;2;200;50;50m[48;2;200;50;50m▄[0m[38;2;200;50;50m[48;2;200;50;50m▄[0m[38;2;200;50;50m[48;2;200;50;50m▄[0m[38;2;200;50;50m[48;2;200;50;50m▄[0m[38;2;200;50;50m[48;2;200;50;50m▄[0m[38;2;200;50;50m[48;2;200;50;50m▄[0m[38;2;200;50;50m[48;2;200;50;50m▄[0m[38;2;200;50;50m[48;2;200;50;50m▄[0m[38;2;200;50;50m[48;2;200;50;50m▄[0m[38;2;200;50;50m[48;2;200;50;50m▄[0m[38;2;200;50;50m[48;2;200;50;50m▄[0m[38;2;200;50;50m[48;2;200;50;50m▄[0m[38;2;200;50;50m[48;2;200;50;50m▄[0m[38;2;200;50;50m[48;2;200;50;50m▄[0m[38;2;200;50;50m[48;2;200;50;50m▄[0m[38;2;200;50;50m[48;2;200;50;50m▄[0m
[38;2;30;30;60m[48;2;30;30;60m▄[0m[38;2;30;30;60m[48;2;30;30;60m▄[0m[38;2;30;30;60m[48;2;30;30;60m▄[0m[38;2;30;30;60m[48;2;30;30;60m▄[0m[38;2;30;30;60m[48;2;30;30;60m▄[0m[38;2;30;30;60m[48;2;30;30;60m▄[0m[38;2;30;30;60m[48;2;30;30;60m▄[0m[38;2;30;30;60m[48;2;30;30;60m▄[0m[38;2;30;30;60m[48;2;30;30;60m▄[0m[38;2;30;30;60m[48;2;30;30;60m▄[0m[38;2;200;50;50m[48;2;200;50;50m▄[0m[38;2;200;50;50m[48;2;200;50;50m▄[0m[38;2;200;50;50m[48;2;200;50;50m▄[0m[38;2;200;50;50m[48;2;200;50;50m▄[0m[38;2;200;50;50m[48;2;200;50;50m▄[0m[38;2;200;50;50m[48;2;200;50;50m▄[0m[38;2;200;50;50m[48;2;200;50;50m▄[0m[38;2;200;50;50m[48;2;200;50;50m▄[0m[38;2;200;50;50m[48;2;200;50;50m▄[0m[38;2;200;50;50m[48;2;200;50;50m▄[0m[38;2;200;50;50m[48;2;200;50;50m▄[0m[38;2;200;50;50m[48;2;200;50;50m▄[0m[38;2;200;50;50m[48;2;200;50;50m▄[0m[38;2;200;50;50m[48;2;200;50;50m▄[0m[38;2;200;50;50m[48;2;200;50;50m▄[0m[38;2;200;50;50m[48;2;200;50;50m▄[0m[38;2;200;50;50m[48;2;200;50;50m▄[0m[38;2;200;50;50m[48;2;200;50;50m▄[0m[38;2;200;50;50m[48;2;200;50;50m▄[0m[38;2;200;50;50m[48;2;200;50;50m▄[0m[38;2;200;50;50m[48;2;200;50;50m▄[0m[38;2;200;50;50m[48;2;200;50;50m▄[0m[38;2;200;50;50m[48;2;200;50;50m▄[0m[38;2;200;50;50m[48;2;200;50;50m▄[0m[38;2;200;50;50m[48;2;200;50;50m▄[0m[38;2;200;50;50m[48;2;200;50;50m▄[0m[38;2;200;50;50m[48;2;200;50;50m▄[0m[38;2;200;50;50m[48;2;200;50;50m▄[0m[38;2;200;50;50m[48;2;200;50;50m▄[0m[38;2;200;50;50m[48;2;200;50;50m▄[0m[38;2;200;50;50m[48;2;200;50;50m▄[0m[38;2;200;50;50m[48;2;200;50;50m▄[0m[38;2;200;50;50m[48;2;200;50;50m▄[0m[38;2;200;50;50m[48;2;200;50;50m▄[0m[38;2;200;50;50m[48;2;200;50;50m▄[0m[38;2;200;50;50m[48;2;200;50;50m▄[0m[38;2;200;50;50m[48;2;200;50;50m▄[0m[38;2;200;50;50m[48;2;200;50;50m▄[0m[38;2;200;50;50m[48;2;200;50;50m▄[0m[38;2;200;50;50m[48;2;200;50;50m▄[0m[38;2;200;50;50m[48;2;200;50;50m▄[0m[38;2;200;50;50m[48;2;200;50;50m▄[0m[38;2;200;50;50m[48;2;200;50;50m▄[0m[38;2;200;50;50m[48;2;200;50;50m▄[0m[38;2;200;50;50m[48;2;200;50;50m▄[0m[38;2;200;50;50m[48;2;200;50;50m▄[0m[38;2;200;50;50m[48;2;200;50;50m▄[0m[38;2;200;50;50m[48;2;200;50;50m▄[0m[38;2;200;50;50m[48;2;200;50;50m▄[0m[38;2;200;50;50m[48;2;200;50;50m▄[0m[38;2;200;50;50m[48;2;200;50;50m▄[0m[38;2;200;50;50m[48;2;200;50;50m▄[0m[38;2;200;50;50m[48;2;200;50;50m▄[0m[38;2;200;50;50m[48;2;200;50;50m▄[0m[38;2;200;50;50m[48;2;200;50;50m▄[0m[38;2;200;50;50m[48;2;200;50;50m▄[0m[38;2;200;50;50m[48;2;200;50;50m▄[0m[38;2;200;50;50m[48;2;200;50;50m▄[0m[38;2;200;50;50m[48;2;200;50;50m▄[0m[38;2;200;50;50m[48;2;200;50;50m▄[0m[38;2;200;50;50m[48;2;200;50;50m▄[0m[38;2;200;50;50m[48;2;200;50;50m▄[0m[38;2;200;50;50m[48;2;200;50;50m▄[0m[38;2;200;50;50m[48;2;200;50;50m▄[0m[38;2;200;50;50m[48;2;200;50;50m▄[0m[38;2;200;50;50m[48;2;200;50;50m▄[0m[38;2;200;50;50m[48;2;200;50;50m▄[0m[38;2;200;50;50m[48;2;200;50;50m▄[0m[38;2;200;50;50m[48;2;200;50;50m▄[0m[38;2;200;50;50m[48;2;200;50;50m▄[0m
[38;2;30;30;60m[48;2;30;30;60m▄[0m[38;2;30;30;60m[48;2;30;30;60m▄[0m[38;2;30;30;60m[48;2;30;30;60m▄[0m[38;2;30;30;60m[48;2;30;30;60m▄[0m[38;2;30;30;60m[48;2;30;30;60m▄[0m[38;2;30;30;60m[48;2;30;30;60m▄[0m[38;2;30;30;60m[48;2;30;30;60m▄[0m[38;2;30;30;60m[48;2;30;30;60m▄[0m[38;2;30;30;60m[48;2;30;30;60m▄[0m[38;2;30;30;60m[48;2;30;30;60m▄[0m[38;2;200;50;50m[48;2;200;50;50m▄[0m[38;2;200;50;50m[48;2;200;50;50m▄[0m[38;2;200;50;50m[48;2;200;50;50m▄[0m[38;2;200;50;50m[48;2;200;50;50m▄[0m[38;2;200;50;50m[48;2;200;50;50m▄[0m[38;2;200;50;50m[48;2;200;50;50m▄[0m[38;2;200;50;50m[48;2;200;50;50m▄[0m[38;2;200;50;50m[48;2;200;50;50m▄[0m[38;2;200;50;50m[48;2;200;50;50m▄[0m[38;2;200;50;50m[48;2;200;50;50m▄[0m[38;2;200;50;50m[48;2;200;50;50m▄[0m[38;2;200;50;50m[48;2;200;50;50m▄[0m[38;2;200;50;50m[48;2;200;50;50m▄[0m[38;2;200;50;50m[48;2;200;50;50m▄[0m[38;2;200;50;50m[48;2;200;50;50m▄[0m[38;2;200;50;50m[48;2;200;50;50m▄[0m[38;2;200;50;50m[48;2;200;50;50m▄[0m[38;2;200;50;50m[48;2;200;50;50m▄[0m[38;2;200;50;50m[48;2;200;50;50m▄[0m[38;2;200;50;50m[48;2;200;50;50m▄[0m[38;2;200;50;50m[48;2;200;50;50m▄[0m[38;2;200;50;50m[48;2;200;50;50m▄[0m[38;2;200;50;50m[48;2;200;50;50m▄[0m[38;2;200;50;50m[48;2;200;50;50m▄[0m[38;2;200;50;50m[48;2;200;50;50m▄[0m[38;2;200;50;50m[48;2;200;50;50m▄[0m[38;2;200;50;50m[48;2;200;50;50m▄[0m[38;2;200;50;50m[48;2;200;50;50m▄[0m[38;2;200;50;50m[48;2;200;50;50m▄[0m[38;2;200;50;50m[48;2;200;50;50m▄[0m[38;2;200;50;50m[48;2;200;50;50m▄[0m[38;2;200;50;50m[48;2;200;50;50m▄[0m[38;2;200;50;50m[48;2;200;50;50m▄[0m[38;2;200;50;50m[48;2;200;50;50m▄[0m[38;2;200;50;50m[48;2;200;50;50m▄[0m[38;2;200;50;50m[48;2;200;50;50m▄[0m[38;2;200;50;50m[48;2;200;50;50m▄[0m[38;2;200;50;50m[48;2;200;50;50m▄[0m[38;2;200;50;50m[48;2;200;50;50m▄[0m[38;2;200;50;50m[48;2;200;50;50m▄[0m[38;2;200;50;50m[48;2;200;50;50m▄[0m[38;2;200;50;50m[48;2;200;50;50m▄[0m[38;2;200;50;50m[48;2;200;50;50m▄[0m[38;2;200;50;50m[48;2;200;50;50m▄[0m[38;2;200;50;50m[48;2;200;50;50m▄[0m[38;2;200;50;50m[48;2;200;50;50m▄[0m[38;2;200;50;50m[48;2;200;50;50m▄[0m[38;2;200;50;50m[48;2;200;50;50m▄[0m[38;2;200;50;50m[48;2;200;50;50m▄[0m[38;2;200;50;50m[48;2;200;50;50m▄[0m[38;2;200;50;50m[48;2;200;50;50m▄[0m[38;2;200;50;50m[48;2;200;50;50m▄[0m[38;2;200;50;50m[48;2;200;50;50m▄[0m[38;2;200;50;50m[48;2;200;50;50m▄[0m[38;2;200;50;50m[48;2;200;50;50m▄[0m[38;2;200;50;50m[48;2;200;50;50m▄[0m[38;2;200;50;50m[48;2;200;50;50m▄[0m[38;2;200;50;50m[48;2;200;50;50m▄[0m[38;2;200;50;50m[48;2;200;50;50m▄[0m[38;2;200;50;50m[48;2;200;50;50m▄[0m[38;2;200;50;50m[48;2;200;50;50m▄[0m[38;2;200;50;50m[48;2;200;50;50m▄[0m[38;2;200;50;50m[48;2;200;50;50m▄[0m[38;2;200;50;50m[48;2;200;50;50m▄[0m[38;2;200;50;50m[48;2;200;50;50m▄[0m[38;2;200;50;50m[48;2;200;50;50m▄[0m[38;2;200;50;50m[48;2;200;50;50m▄[0m[38;2;200;50;50m[48;2;200;50;50m▄[0m[38;2;200;50;50m[48;2;200;50;50m▄[0m[38;2;200;50;50m[48;2;200;50;50m▄[0m
[38;2;30;30;60m[48;2;30;30;60m▄[0m[38;2;30;30;60m[48;2;30;30;60m▄[0m[38;2;30;30;60m[48;2;30;30;60m▄[0m[38;2;30;30;60m[48;2;30;30;60m▄[0m[38;2;30;30;60m[48;2;30;30;60m▄[0m[38;2;30;30;60m[48;2;30;30;60m▄[0m[38;2;30;30;60m[48;2;30;30;60m▄[0m[38;2;30;30;60m[48;2;30;30;60m▄[0m[38;2;30;30;60m[48;2;30;30;60m▄[0m[38;2;30;30;60m[48;2;30;30;60m▄[0m[38;2;200;50;50m[48;2;200;50;50m▄[0m[38;2;200;50;50m[48;2;200;50;50m▄[0m[38;2;200;50;50m[48;2;200;50;50m▄[0m[38;2;200;50;50m[48;2;200;50;50m▄[0m[38;2;200;50;50m[48;2;200;50;50m▄[0m[38;2;200;50;50m[48;2;200;50;50m▄[0m[38;2;200;50;50m[48;2;200;50;50m▄[0m[38;2;200;50;50m[48;2;200;50;50m▄[0m[38;2;200;50;50m[48;2;200;50;50m▄[0m[38;2;200;50;50m[48;2;200;50;50m▄[0m[38;2;200;50;50m[48;2;200;50;50m▄[0m[38;2;200;50;50m[48;2;200;50;50m▄[0m[38;2;200;50;50m[48;2;200;50;50m▄[0m[38;2;200;50;50m[48;2;200;50;50m▄[0m[38;2;200;50;50m[48;2;200;50;50m▄[0m[38;2;200;50;50m[48;2;200;50;50m▄[0m[38;2;200;50;50m[48;2;200;50;50m▄[0m[38;2;200;50;50m[48;2;200;50;50m▄[0m[38;2;200;50;50m[48;2;200;50;50m▄[0m[38;2;200;50;50m[48;2;200;50;50m▄[0m[38;2;200;50;50m[48;2;200;50;50m▄[0m[38;2;200;50;50m[48;2;200;50;50m▄[0m[38;2;200;50;50m[48;2;200;50;50m▄[0m[38;2;200;50;50m[48;2;200;50;50m▄[0m[38;2;200;50;50m[48;2;200;50;50m▄[0m[38;2;200;50;50m[48;2;200;50;50m▄[0m[38;2;200;50;50m[48;2;200;50;50m▄[0m[38;2;200;50;50m[48;2;200;50;50m▄[0m[38;2;200;50;50m[48;2;200;50;50m▄[0m[38;2;200;50;50m[48;2;200;50;50m▄[0m[38;2;200;50;50m[48;2;200;50;50m▄[0m[38;2;200;50;50m[48;2;200;50;50m▄[0m[38;2;200;50;50m[48;2;200;50;50m▄[0m[38;2;200;50;50m[48;2;200;50;50m▄[0m[38;2;200;50;50m[48;2;200;50;50m▄[0m[38;2;200;50;50m[48;2;200;50;50m▄[0m[38;2;200;50;50m[48;2;200;50;50m▄[0m[38;2;200;50;50m[48;2;200;50;50m▄[0m[38;2;200;50;50m[48;2;200;50;50m▄[0m[38;2;200;50;50m[48;2;200;50;50m▄[0m[38;2;200;50;50m[48;2;200;50;50m▄[0m[38;2;200;50;50m[48;2;200;50;50m▄[0m[38;2;200;50;50m[48;2;200;50;50m▄[0m[38;2;200;50;50m[48;2;200;50;50m▄[0m[38;2;200;50;50m[48;2;200;50;50m▄[0m[38;2;200;50;50m[48;2;200;50;50m▄[0m[38;2;200;50;50m[48;2;200;50;50m▄[0m[38;2;200;50;50m[48;2;200;50;50m▄[0m[38;2;200;50;50m[48;2;200;50;50m▄[0m[38;2;200;50;50m[48;2;200;50;50m▄[0m[38;2;200;50;50m[48;2;200;50;50m▄[0m[38;2;200;50;50m[48;2;200;50;50m▄[0m[38;2;200;50;50m[48;2;200;50;50m▄[0m[38;2;200;50;50m[48;2;200;50;50m▄[0m[38;2;200;50;50m[48;2;200;50;50m▄[0m[38;2;200;50;50m[48;2;200;50;50m▄[0m[38;2;200;50;50m[48;2;200;50;50m▄[0m[38;2;200;50;50m[48;2;200;50;50m▄[0m[38;2;200;50;50m[48;2;200;50;50m▄[0m[38;2;200;50;50m[48;2;200;50;50m▄[0m[38;2;200;50;50m[48;2;200;50;50m▄[0m[38;2;200;50;50m[48;2;200;50;50m▄[0m[38;2;200;50;50m[48;2;200;50;50m▄[0m[38;2;200;50;50m[48;2;200;50;50m▄[0m[38;2;200;50;50m[48;2;200;50;50m▄[0m[38;2;200;50;50m[48;2;200;50;50m▄[0m[38;2;200;50;50m[48;2;200;50;50m▄[0m[38;2;200;50;50m[48;2;200;50;50m▄[0m[38;2;200;50;50m[48;2;200;50;50m▄[0m[38;2;200;50;50m[48;2;200;50;50m▄[0m
[38;2;30;30;60m[48;2;30;30;60m▄[0m[38;2;30;30;60m[48;2;30;30;60m▄[0m[38;2;30;30;60m[48;2;30;30;60m▄[0m[38;2;30;30;60m[48;2;30;30;60m▄[0m[38;2;30;30;60m[48;2;30;30;60m▄[0m[38;2;30;30;60m[48;2;30;30;60m▄[0m[38;2;30;30;60m[48;2;30;30;60m▄[0m[38;2;30;30;60m[48;2;30;30;60m▄[0m[38;2;30;30;60m[48;2;30;30;60m▄[0m[38;2;30;30;60m[48;2;30;30;60m▄[0m[38;2;200;50;50m[48;2;200;50;50m▄[0m[38;2;200;50;50m[48;2;200;50;50m▄[0m[38;2;200;50;50m[48;2;200;50;50m▄[0m[38;2;200;50;50m[48;2;200;50;50m▄[0m[38;2;200;50;50m[48;2;200;50;50m▄[0m[38;2;200;50;50m[48;2;200;50;50m▄[0m[38;2;200;50;50m[48;2;200;50;50m▄[0m[38;2;200;50;50m[48;2;200;50;50m▄[0m[38;2;200;50;50m[48;2;200;50;50m▄[0m[38;2;200;50;50m[48;2;200;50;50m▄[0m[38;2;200;50;50m[48;2;200;50;50m▄[0m[38;2;200;50;50m[48;2;200;50;50m▄[0m[38;2;200;50;50m[48;2;200;50;50m▄[0m[38;2;200;50;50m[48;2;200;50;50m▄[0m[38;2;200;50;50m[48;2;200;50;50m▄[0m[38;2;200;50;50m[48;2;200;50;50m▄[0m[38;2;200;50;50m[48;2;200;50;50m▄[0m[38;2;200;50;50m[48;2;200;50;50m▄[0m[38;2;200;50;50m[48;2;200;50;50m▄[0m[38;2;200;50;50m[48;2;200;50;50m▄[0m[38;2;200;50;50m[48;2;200;50;50m▄[0m[38;2;200;50;50m[48;2;200;50;50m▄[0m[38;2;200;50;50m[48;2;200;50;50m▄[0m[38;2;200;50;50m[48;2;200;50;50m▄[0m[38;2;200;50;50m[48;2;200;50;50m▄[0m[38;2;200;50;50m[48;2;200;50;50m▄[0m[38;2;200;50;50m[48;2;200;50;50m▄[0m[38;2;200;50;50m[48;2;200;50;50m▄[0m[38;2;200;50;50m[48;2;200;50;50m▄[0m[38;2;200;50;50m[48;2;200;50;50m▄[0m[38;2;200;50;50m[48;2;200;50;50m▄[0m[38;2;200;50;50m[48;2;200;50;50m▄[0m[38;2;200;50;50m[48;2;200;50;50m▄[0m[38;2;200;50;50m[48;2;200;50;50m▄[0m[38;2;200;50;50m[48;2;200;50;50m▄[0m[38;2;200;50;50m[48;2;200;50;50m▄[0m[38;2;200;50;50m[48;2;200;50;50m▄[0m[38;2;200;50;50m[48;2;200;50;50m▄[0m[38;2;200;50;50m[48;2;200;50;50m▄[0m[38;2;200;50;50m[48;2;200;50;50m▄[0m[38;2;200;50;50m[48;2;200;50;50m▄[0m[38;2;200;50;50m[48;2;200;50;50m▄[0m[38;2;200;50;50m[48;2;200;50;50m▄[0m[38;2;200;50;50m[48;2;200;50;50m▄[0m[38;2;200;50;50m[48;2;200;50;50m▄[0m[38;2;200;50;50m[48;2;200;50;50m▄[0m[38;2;200;50;50m[48;2;200;50;50m▄[0m[38;2;200;50;50m[48;2;200;50;50m▄[0m[38;2;200;50;50m[48;2;200;50;50m▄[0m[38;2;200;50;50m[48;2;200;50;50m▄[0m[38;2;200;50;50m[48;2;200;50;50m▄[0m[38;2;200;50;50m[48;2;200;50;50m▄[0m[38;2;200;50;50m[48;2;200;50;50m▄[0m[38;2;200;50;50m[48;2;200;50;50m▄[0m[38;2;200;50;50m[48;2;200;50;50m▄[0m[38;2;200;50;50m[48;2;200;50;50m▄[0m[38;2;200;50;50m[48;2;200;50;50m▄[0m[38;2;200;50;50m[48;2;200;50;50m▄[0m[38;2;200;50;50m[48;2;200;50;50m▄[0m[38;2;200;50;50m[48;2;200;50;50m▄[0m[38;2;200;50;50m[48;2;200;50;50m▄[0m[38;2;200;50;50m[48;2;200;50;50m▄[0m[38;2;200;50;50m[48;2;200;50;50m▄[0m[38;2;200;50;50m[48;2;200;50;50m▄[0m[38;2;200;50;50m[48;2;200;50;50m▄[0m[38;2;200;50;50m[48;2;200;50;50m▄[0m[38;2;200;50;50m[48;2;200;50;50m▄[0m[38;2;200;50;50m[48;2;200;50;50m▄[0m[38;2;200;50;50m[48;2;200;50;50m▄[0m[38;2;200;50;50m[48;2;200;50;50m▄[0m
[38;2;30;30;60m[48;2;30;30;60m▄[0m[38;2;30;30;60m[48;2;30;30;60m▄[0m[38;2;30;30;60m[48;2;30;30;60m▄[0m[38;2;30;30;60m[48;2;30;30;60m▄[0m[38;2;30;30;60m[48;2;30;30;60m▄[0m[38;2;30;30;60m[48;2;30;30;60m▄[0m[38;2;30;30;60m[48;2;30;30;60m▄[0m[38;2;30;30;60m[48;2;30;30;60m▄[0m[38;2;30;30;60m[48;2;30;30;60m▄[0m[38;2;30;30;60m[48;2;30;30;60m▄[0m[38;2;200;50;50m[48;2;200;50;50m▄[0m[38;2;200;50;50m[48;2;200;50;50m▄[0m[38;2;200;50;50m[48;2;200;50;50m▄[0m[38;2;200;50;50m[48;2;200;50;50m▄[0m[38;2;200;50;50m[48;2;200;50;50m▄[0m[38;2;200;50;50m[48;2;200;50;50m▄[0m[38;2;200;50;50m[48;2;200;50;50m▄[0m[38;2;200;50;50m[48;2;200;50;50m▄[0m[38;2;200;50;50m[48;2;200;50;50m▄[0m[38;2;200;50;50m[48;2;200;50;50m▄[0m[38;2;200;50;50m[48;2;200;50;50m▄[0m[38;2;200;50;50m[48;2;200;50;50m▄[0m[38;2;200;50;50m[48;2;200;50;50m▄[0m[38;2;200;50;50m[48;2;200;50;50m▄[0m[38;2;200;50;50m[48;2;200;50;50m▄[0m[38;2;200;50;50m[48;2;200;50;50m▄[0m[38;2;200;50;50m[48;2;200;50;50m▄[0m[38;2;200;50;50m[48;2;200;50;50m▄[0m[38;2;200;50;50m[48;2;200;50;50m▄[0m[38;2;200;50;50m[48;2;200;50;50m▄[0m[38;2;200;50;50m[48;2;200;50;50m▄[0m[38;2;200;50;50m[48;2;200;50;50m▄[0m[38;2;200;50;50m[48;2;200;50;50m▄[0m[38;2;200;50;50m[48;2;200;50;50m▄[0m[38;2;200;50;50m[48;2;200;50;50m▄[0m[38;2;200;50;50m[48;2;200;50;50m▄[0m[38;2;200;50;50m[48;2;200;50;50m▄[0m[38;2;200;50;50m[48;2;200;50;50m▄[0m[38;2;200;50;50m[48;2;200;50;50m▄[0m[38;2;200;50;50m[48;2;200;50;50m▄[0m[38;2;200;50;50m[48;2;200;50;50m▄[0m[38;2;200;50;50m[48;2;200;50;50m▄[0m[38;2;200;50;50m[48;2;200;50;50m▄[0m[38;2;200;50;50m[48;2;200;50;50m▄[0m[38;2;200;50;50m[48;2;200;50;50m▄[0m[38;2;200;50;50m[48;2;200;50;50m▄[0m[38;2;200;50;50m[48;2;200;50;50m▄[0m[38;2;200;50;50m[48;2;200;50;50m▄[0m[38;2;200;50;50m[48;2;200;50;50m▄[0m[38;2;200;50;50m[48;2;200;50;50m▄[0m[38;2;200;50;50m[48;2;200;50;50m▄[0m[38;2;200;50;50m[48;2;200;50;50m▄[0m[38;2;200;50;50m[48;2;200;50;50m▄[0m[38;2;200;50;50m[48;2;200;50;50m▄[0m[38;2;200;50;50m[48;2;200;50;50m▄[0m[38;2;200;50;50m[48;2;200;50;50m▄[0m[38;2;200;50;50m[48;2;200;50;50m▄[0m[38;2;200;50;50m[48;2;200;50;50m▄[0m[38;2;200;50;50m[48;2;200;50;50m▄[0m[38;2;200;50;50m[48;2;200;50;50m▄[0m[38;2;200;50;50m[48;2;200;50;50m▄[0m[38;2;200;50;50m[48;2;200;50;50m▄[0m[38;2;200;50;50m[48;2;200;50;50m▄[0m[38;2;200;50;50m[48;2;200;50;50m▄[0m[38;2;200;50;50m[48;2;200;50;50m▄[0m[38;2;200;50;50m[48;2;200;50;50m▄[0m[38;2;200;50;50m[48;2;200;50;50m▄[0m[38;2;200;50;50m[48;2;200;50;50m▄[0m[38;2;200;50;50m[48;2;200;50;50m▄[0m[38;2;200;50;50m[48;2;200;50;50m▄[0m[38;2;200;50;50m[48;2;200;50;50m▄[0m[38;2;200;50;50m[48;2;200;50;50m▄[0m[38;2;200;50;50m[48;2;200;50;50m▄[0m[38;2;200;50;50m[48;2;200;50;50m▄[0m[38;2;200;50;50m[48;2;200;50;50m▄[0m[38;2;200;50;50m[48;2;200;50;50m▄[0m[38;2;200;50;50m[48;2;200;50;50m▄[0m[38;2;200;50;50m[48;2;200;50;50m▄[0m[38;2;200;50;50m[48;2;200;50;50m▄[0m[38;2;200;50;50m[48;2;200;50;50m▄[0m
[38;2;30;30;60m[48;2;30;30;60m▄[0m[38;2;30;30;60m[48;2;30;30;60m▄[0m[38;2;30;30;60m[48;2;30;30;60m▄[0m[38;2;30;30;60m[48;2;30;30;60m▄[0m[38;2;30;30;60m[48;2;30;30;60m▄[0m[38;2;30;30;60m[48;2;30;30;60m▄[0m[38;2;30;30;60m[48;2;30;30;60m▄[0m[38;2;30;30;60m[48;2;30;30;60m▄[0m[38;2;30;30;60m[48;2;30;30;60m▄[0m[38;2;30;30;60m[48;2;30;30;60m▄[0m[38;2;200;50;50m[48;2;200;50;50m▄[0m[38;2;200;50;50m[48;2;200;50;50m▄[0m[38;2;200;50;50m[48;2;200;50;50m▄[0m[38;2;200;50;50m[48;2;200;50;50m▄[0m[38;2;200;50;50m[48;2;200;50;50m▄[0m[38;2;200;50;50m[48;2;200;50;50m▄[0m[38;2;200;50;50m[48;2;200;50;50m▄[0m[38;2;200;50;50m[48;2;200;50;50m▄[0m[38;2;200;50;50m[48;2;200;50;50m▄[0m[38;2;200;50;50m[48;2;200;50;50m▄[0m[38;2;200;50;50m[48;2;200;50;50m▄[0m[38;2;200;50;50m[48;2;200;50;50m▄[0m[38;2;200;50;50m[48;2;200;50;50m▄[0m[38;2;200;50;50m[48;2;200;50;50m▄[0m[38;2;200;50;50m[48;2;200;50;50m▄[0m[38;2;200;50;50m[48;2;200;50;50m▄[0m[38;2;200;50;50m[48;2;200;50;50m▄[0m[38;2;200;50;50m[48;2;200;50;50m▄[0m[38;2;200;50;50m[48;2;200;50;50m▄[0m[38;2;200;50;50m[48;2;200;50;50m▄[0m[38;2;200;50;50m[48;2;200;50;50m▄[0m[38;2;200;50;50m[48;2;200;50;50m▄[0m[38;2;200;50;50m[48;2;200;50;50m▄[0m[38;2;200;50;50m[48;2;200;50;50m▄[0m[38;2;200;50;50m[48;2;200;50;50m▄[0m[38;2;200;50;50m[48;2;200;50;50m▄[0m[38;2;200;50;50m[48;2;200;50;50m▄[0m[38;2;200;50;50m[48;2;200;50;50m▄[0m[38;2;200;50;50m[48;2;200;50;50m▄[0m[38;2;200;50;50m[48;2;200;50;50m▄[0m[38;2;200;50;50m[48;2;200;50;50m▄[0m[38;2;200;50;50m[48;2;200;50;50m▄[0m[38;2;200;50;50m[48;2;200;50;50m▄[0m[38;2;200;50;50m[48;2;200;50;50m▄[0m[38;2;200;50;50m[48;2;200;50;50m▄[0m[38;2;200;50;50m[48;2;200;50;50m▄[0m[38;2;200;50;50m[48;2;200;50;50m▄[0m[38;2;200;50;50m[48;2;200;50;50m▄[0m[38;2;200;50;50m[48;2;200;50;50m▄[0m[38;2;200;50;50m[48;2;200;50;50m▄[0m[38;2;200;50;50m[48;2;200;50;50m▄[0m[38;2;200;50;50m[48;2;200;50;50m▄[0m[38;2;200;50;50m[48;2;200;50;50m▄[0m[38;2;200;50;50m[48;2;200;50;50m▄[0m[38;2;200;50;50m[48;2;200;50;50m▄[0m[38;2;200;50;50m[48;2;200;50;50m▄[0m[38;2;200;50;50m[48;2;200;50;50m▄[0m[38;2;200;50;50m[48;2;200;50;50m▄[0m[38;2;200;50;50m[48;2;200;50;50m▄[0m[38;2;200;50;50m[48;2;200;50;50m▄[0m[38;2;200;50;50m[48;2;200;50;50m▄[0m[38;2;200;50;50m[48;2;200;50;50m▄[0m[38;2;200;50;50m[48;2;200;50;50m▄[0m[38;2;200;50;50m[48;2;200;50;50m▄[0m[38;2;200;50;50m[48;2;200;50;50m▄[0m[38;2;200;50;50m[48;2;200;50;50m▄[0m[38;2;200;50;50m[48;2;200;50;50m▄[0m[38;2;200;50;50m[48;2;200;50;50m▄[0m[38;2;200;50;50m[48;2;200;50;50m▄[0m[38;2;200;50;50m[48;2;200;50;50m▄[0m[38;2;200;50;50m[48;2;200;50;50m▄[0m[38;2;200;50;50m[48;2;200;50;50m▄[0m[38;2;200;50;50m[48;2;200;50;50m▄[0m[38;2;200;50;50m[48;2;200;50;50m▄[0m[38;2;200;50;50m[48;2;200;50;50m▄[0m[38;2;200;50;50m[48;2;200;50;50m▄[0m[38;2;200;50;50m[48;2;200;50;50m▄[0m[38;2;200;50;50m[48;2;200;50;50m▄[0m[38;2;200;50;50m[48;2;200;50;50m▄[0m[38;2;200;50;50m[48;2;200;50;50m▄[0m
[38;2;30;30;60m[48;2;30;30;60m▄[0m[38;2;30;30;60m[48;2;30;30;60m▄[0m[38;2;30;30;60m[48;2;30;30;60m▄[0m[38;2;30;30;60m[48;2;30;30;60m▄[0m[38;2;30;30;60m[48;2;30;30;60m▄[0m[38;2;30;30;60m[48;2;30;30;60m▄[0m[38;2;30;30;60m[48;2;30;30;60m▄[0m[38;2;30;30;60m[48;2;30;30;60m▄[0m[38;2;30;30;60m[48;2;30;30;60m▄[0m[38;2;30;30;60m[48;2;30;30;60m▄[0m[38;2;200;50;50m[48;2;200;50;50m▄[0m[38;2;200;50;50m[48;2;200;50;50m▄[0m[38;2;200;50;50m[48;2;200;50;50m▄[0m[38;2;200;50;50m[48;2;200;50;50m▄[0m[38;2;200;50;50m[48;2;200;50;50m▄[0m[38;2;200;50;50m[48;2;200;50;50m▄[0m[38;2;200;50;50m[48;2;200;50;50m▄[0m[38;2;200;50;50m[48;2;200;50;50m▄[0m[38;2;200;50;50m[48;2;200;50;50m▄[0m[38;2;200;50;50m[48;2;200;50;50m▄[0m[38;2;200;50;50m[48;2;200;50;50m▄[0m[38;2;200;50;50m[48;2;200;50;50m▄[0m[38;2;200;50;50m[48;2;200;50;50m▄[0m[38;2;200;50;50m[48;2;200;50;50m▄[0m[38;2;200;50;50m[48;2;200;50;50m▄[0m[38;2;200;50;50m[48;2;200;50;50m▄[0m[38;2;200;50;50m[48;2;200;50;50m▄[0m[38;2;200;50;50m[48;2;200;50;50m▄[0m[38;2;200;50;50m[48;2;200;50;50m▄[0m[38;2;200;50;50m[48;2;200;50;50m▄[0m[38;2;200;50;50m[48;2;200;50;50m▄[0m[38;2;200;50;50m[48;2;200;50;50m▄[0m[38;2;200;50;50m[48;2;200;50;50m▄[0m[38;2;200;50;50m[48;2;200;50;50m▄[0m[38;2;200;50;50m[48;2;200;50;50m▄[0m[38;2;200;50;50m[48;2;200;50;50m▄[0m[38;2;200;50;50m[48;2;200;50;50m▄[0m[38;2;200;50;50m[48;2;200;50;50m▄[0m[38;2;200;50;50m[48;2;200;50;50m▄[0m[38;2;200;50;50m[48;2;200;50;50m▄[0m[38;2;200;50;50m[48;2;200;50;50m▄[0m[38;2;200;50;50m[48;2;200;50;50m▄[0m[38;2;200;50;50m[48;2;200;50;50m▄[0m[38;2;200;50;50m[48;2;200;50;50m▄[0m[38;2;200;50;50m[48;2;200;50;50m▄[0m[38;2;200;50;50m[48;2;200;50;50m▄[0m[38;2;200;50;50m[48;2;200;50;50m▄[0m[38;2;200;50;50m[48;2;200;50;50m▄[0m[38;2;200;50;50m[48;2;200;50;50m▄[0m[38;2;200;50;50m[48;2;200;50;50m▄[0m[38;2;200;50;50m[48;2;200;50;50m▄[0m[38;2;200;50;50m[48;2;200;50;50m▄[0m[38;2;200;50;50m[48;2;200;50;50m▄[0m[38;2;200;50;50m[48;2;200;50;50m▄[0m[38;2;200;50;50m[48;2;200;50;50m▄[0m[38;2;200;50;50m[48;2;200;50;50m▄[0m[38;2;200;50;50m[48;2;200;50;50m▄[0m[38;2;200;50;50m[48;2;200;50;50m▄[0m[38;2;200;50;50m[48;2;200;50;50m▄[0m[38;2;200;50;50m[48;2;200;50;50m▄[0m[38;2;200;50;50m[48;2;200;50;50m▄[0m[38;2;200;50;50m[48;2;200;50;50m▄[0m[38;2;200;50;50m[48;2;200;50;50m▄[0m[38;2;200;50;50m[48;2;200;50;50m▄[0m[38;2;200;50;50m[48;2;200;50;50m▄[0m[38;2;200;50;50m[48;2;200;50;50m▄[0m[38;2;200;50;50m[48;2;200;50;50m▄[0m[38;2;200;50;50m[48;2;200;50;50m▄[0m[38;2;200;50;50m[48;2;200;50;50m▄[0m[38;2;200;50;50m[48;2;200;50;50m▄[0m[38;2;200;50;50m[48;2;200;50;50m▄[0m[38;2;200;50;50m[48;2;200;50;50m▄[0m[38;2;200;50;50m[48;2;200;50;50m▄[0m[38;2;200;50;50m[48;2;200;50;50m▄[0m[38;2;200;50;50m[48;2;200;50;50m▄[0m[38;2;200;50;50m[48;2;200;50;50m▄[0m[38;2;200;50;50m[48;2;200;50;50m▄[0m[38;2;200;50;50m[48;2;200;50;50m▄[0m[38;2;200;50;50m[48;2;200;50;50m▄[0m[38;2;200;50;50m[48;2;200;50;50m▄[0m
[38;2;30;30;60m[48;2;30;30;60m▄[0m[38;2;30;30;60m[48;2;30;30;60m▄[0m[38;2;30;30;60m[48;2;30;30;60m▄[0m[38;2;30;30;60m[48;2;30;30;60m▄[0m[38;2;30;30;60m[48;2;30;30;60m▄[0m[38;2;30;30;60m[48;2;30;30;60m▄[0m[38;2;30;30;60m[48;2;30;30;60m▄[0m[38;2;30;30;60m[48;2;30;30;60m▄[0m[38;2;30;30;60m[48;2;30;30;60m▄[0m[38;2;30;30;60m[48;2;30;30;60m▄[0m[38;2;200;50;50m[48;2;200;50;50m▄[0m[38;2;200;50;50m[48;2;200;50;50m▄[0m[38;2;200;50;50m[48;2;200;50;50m▄[0m[38;2;200;50;50m[48;2;200;50;50m▄[0m[38;2;200;50;50m[48;2;200;50;50m▄[0m[38;2;200;50;50m[48;2;200;50;50m▄[0m[38;2;200;50;50m[48;2;200;50;50m▄[0m[38;2;200;50;50m[48;2;200;50;50m▄[0m[38;2;200;50;50m[48;2;200;50;50m▄[0m[38;2;200;50;50m[48;2;200;50;50m▄[0m[38;2;200;50;50m[48;2;200;50;50m▄[0m[38;2;200;50;50m[48;2;200;50;50m▄[0m[38;2;200;50;50m[48;2;200;50;50m▄[0m[38;2;200;50;50m[48;2;200;50;50m▄[0m[38;2;200;50;50m[48;2;200;50;50m▄[0m[38;2;200;50;50m[48;2;200;50;50m▄[0m[38;2;200;50;50m[48;2;200;50;50m▄[0m[38;2;200;50;50m[48;2;200;50;50m▄[0m[38;2;200;50;50m[48;2;200;50;50m▄[0m[38;2;200;50;50m[48;2;200;50;50m▄[0m[38;2;200;50;50m[48;2;200;50;50m▄[0m[38;2;200;50;50m[48;2;200;50;50m▄[0m[38;2;200;50;50m[48;2;200;50;50m▄[0m[38;2;200;50;50m[48;2;200;50;50m▄[0m[38;2;200;50;50m[48;2;200;50;50m▄[0m[38;2;200;50;50m[48;2;200;50;50m▄[0m[38;2;200;50;50m[48;2;200;50;50m▄[0m[38;2;200;50;50m[48;2;200;50;50m▄[0m[38;2;200;50;50m[48;2;200;50;50m▄[0m[38;2;200;50;50m[48;2;200;50;50m▄[0m[38;2;200;50;50m[48;2;200;50;50m▄[0m[38;2;200;50;50m[48;2;200;50;50m▄[0m[38;2;200;50;50m[48;2;200;50;50m▄[0m[38;2;200;50;50m[48;2;200;50;50m▄[0m[38;2;200;50;50m[48;2;200;50;50m▄[0m[38;2;200;50;50m[48;2;200;50;50m▄[0m[38;2;200;50;50m[48;2;200;50;50m▄[0m[38;2;200;50;50m[48;2;200;50;50m▄[0m[38;2;200;50;50m[48;2;200;50;50m▄[0m[38;2;200;50;50m[48;2;200;50;50m▄[0m[38;2;200;50;50m[48;2;200;50;50m▄[0m[38;2;200;50;50m[48;2;200;50;50m▄[0m[38;2;200;50;50m[48;2;200;50;50m▄[0m[38;2;200;50;50m[48;2;200;50;50m▄[0m[38;2;200;50;50m[48;2;200;50;50m▄[0m[38;2;200;50;50m[48;2;200;50;50m▄[0m[38;2;200;50;50m[48;2;200;50;50m▄[0m[38;2;200;50;50m[48;2;200;50;50m▄[0m[38;2;200;50;50m[48;2;200;50;50m▄[0m[38;2;200;50;50m[48;2;200;50;50m▄[0m[38;2;200;50;50m[48;2;200;50;50m▄[0m[38;2;200;50;50m[48;2;200;50;50m▄[0m[38;2;200;50;50m[48;2;200;50;50m▄[0m[38;2;200;50;50m[48;2;200;50;50m▄[0m[38;2;200;50;50m[48;2;200;50;50m▄[0m[38;2;200;50;50m[48;2;200;50;50m▄[0m[38;2;200;50;50m[48;2;200;50;50m▄[0m[38;2;200;50;50m[48;2;200;50;50m▄[0m[38;2;200;50;50m[48;2;200;50;50m▄[0m[38;2;200;50;50m[48;2;200;50;50m▄[0m[38;2;200;50;50m[48;2;200;50;50m▄[0m[38;2;200;50;50m[48;2;200;50;50m▄[0m[38;2;200;50;50m[48;2;200;50;50m▄[0m[38;2;200;50;50m[48;2;200;50;50m▄[0m[38;2;200;50;50m[48;2;200;50;50m▄[0m[38;2;200;50;50m[48;2;200;50;50m▄[0m[38;2;200;50;50m[48;2;200;50;50m▄[0m[38;2;200;50;50m[48;2;200;50;50m▄[0m[38;2;200;50;50m[48;2;200;50;50m▄[0m[38;2;200;50;50m[48;2;200;50;50m▄[0m
[38;2;30;30;60m[48;2;30;30;60m▄[0m[38;2;30;30;60m[48;2;30;30;60m▄[0m[38;2;30;30;60m[48;2;30;30;60m▄[0m[38;2;30;30;60m[48;2;30;30;60m▄[0m[38;2;30;30;60m[48;2;30;30;60m▄[0m[38;2;30;30;60m[48;2;30;30;60m▄[0m[38;2;30;30;60m[48;2;30;30;60m▄[0m[38;2;30;30;60m[48;2;30;30;60m▄[0m[38;2;30;30;60m[48;2;30;30;60m▄[0m[38;2;30;30;60m[48;2;30;30;60m▄[0m[38;2;200;50;50m[48;2;200;50;50m▄[0m[38;2;200;50;50m[48;2;200;50;50m▄[0m[38;2;200;50;50m[48;2;200;50;50m▄[0m[38;2;200;50;50m[48;2;200;50;50m▄[0m[38;2;200;50;50m[48;2;200;50;50m▄[0m[38;2;200;50;50m[48;2;200;50;50m▄[0m[38;2;200;50;50m[48;2;200;50;50m▄[0m[38;2;200;50;50m[48;2;200;50;50m▄[0m[38;2;200;50;50m[48;2;200;50;50m▄[0m[38;2;200;50;50m[48;2;200;50;50m▄[0m[38;2;200;50;50m[48;2;200;50;50m▄[0m[38;2;200;50;50m[48;2;200;50;50m▄[0m[38;2;200;50;50m[48;2;200;50;50m▄[0m[38;2;200;50;50m[48;2;200;50;50m▄[0m[38;2;200;50;50m[48;2;200;50;50m▄[0m[38;2;200;50;50m[48;2;200;50;50m▄[0m[38;2;200;50;50m[48;2;200;50;50m▄[0m[38;2;200;50;50m[48;2;200;50;50m▄[0m[38;2;200;50;50m[48;2;200;50;50m▄[0m[38;2;200;50;50m[48;2;200;50;50m▄[0m[38;2;200;50;50m[48;2;200;50;50m▄[0m[38;2;200;50;50m[48;2;200;50;50m▄[0m[38;2;200;50;50m[48;2;200;50;50m▄[0m[38;2;200;50;50m[48;2;200;50;50m▄[0m[38;2;200;50;50m[48;2;200;50;50m▄[0m[38;2;200;50;50m[48;2;200;50;50m▄[0m[38;2;200;50;50m[48;2;200;50;50m▄[0m[38;2;200;50;50m[48;2;200;50;50m▄[0m[38;2;200;50;50m[48;2;200;50;50m▄[0m[38;2;200;50;50m[48;2;200;50;50m▄[0m[38;2;200;50;50m[48;2;200;50;50m▄[0m[38;2;200;50;50m[48;2;200;50;50m▄[0m[38;2;200;50;50m[48;2;200;50;50m▄[0m[38;2;200;50;50m[48;2;200;50;50m▄[0m[38;2;200;50;50m[48;2;200;50;50m▄[0m[38;2;200;50;50m[48;2;200;50;50m▄[0m[38;2;200;50;50m[48;2;200;50;50m▄[0m[38;2;200;50;50m[48;2;200;50;50m▄[0m[38;2;200;50;50m[48;2;200;50;50m▄[0m[38;2;200;50;50m[48;2;200;50;50m▄[0m[38;2;200;50;50m[48;2;200;50;50m▄[0m[38;2;200;50;50m[48;2;200;50;50m▄[0m[38;2;200;50;50m[48;2;200;50;50m▄[0m[38;2;200;50;50m[48;2;200;50;50m▄[0m[38;2;200;50;50m[48;2;200;50;50m▄[0m[38;2;200;50;50m[48;2;200;50;50m▄[0m[38;2;200;50;50m[48;2;200;50;50m▄[0m[38;2;200;50;50m[48;2;200;50;50m▄[0m[38;2;200;50;50m[48;2;200;50;50m▄[0m[38;2;200;50;50m[48;2;200;50;50m▄[0m[38;2;200;50;50m[48;2;200;50;50m▄[0m[38;2;200;50;50m[48;2;200;50;50m▄[0m[38;2;200;50;50m[48;2;200;50;50m▄[0m[38;2;200;50;50m[48;2;200;50;50m▄[0m[38;2;200;50;50m[48;2;200;50;50m▄[0m[38;2;200;50;50m[48;2;200;50;50m▄[0m[38;2;200;50;50m[48;2;200;50;50m▄[0m[38;2;200;50;50m[48;2;200;50;50m▄[0m[38;2;200;50;50m[48;2;200;50;50m▄[0m[38;2;200;50;50m[48;2;200;50;50m▄[0m[38;2;200;50;50m[48;2;200;50;50m▄[0m[38;2;200;50;50m[48;2;200;50;50m▄[0m[38;2;200;50;50m[48;2;200;50;50m▄[0m[38;2;200;50;50m[48;2;200;50;50m▄[0m[38;2;200;50;50m[48;2;200;50;50m▄[0m[38;2;200;50;50m[48;2;200;50;50m▄[0m[38;2;200;50;50m[48;2;200;50;50m▄[0m[38;2;200;50;50m[48;2;200;50;50m▄[0m[38;2;200;50;50m[48;2;200;50;50m▄[0m[38;2;200;50;50m[48;2;200;50;50m▄[0m
[38;2;30;30;60m[48;2;30;30;60m▄[0m[38;2;30;30;60m[48;2;30;30;60m▄[0m[38;2;30;30;60m[48;2;30;30;60m▄[0m[38;2;30;30;60m[48;2;30;30;60m▄[0m[38;2;30;30;60m[48;2;30;30;60m▄[0m[38;2;30;30;60m[48;2;30;30;60m▄[0m[38;2;30;30;60m[48;2;30;30;60m▄[0m[38;2;30;30;60m[48;2;30;30;60m▄[0m[38;2;30;30;60m[48;2;30;30;60m▄[0m[38;2;30;30;60m[48;2;30;30;60m▄[0m[38;2;200;50;50m[48;2;200;50;50m▄[0m[38;2;200;50;50m[48;2;200;50;50m▄[0m[38;2;200;50;50m[48;2;200;50;50m▄[0m[38;2;200;50;50m[48;2;200;50;50m▄[0m[38;2;200;50;50m[48;2;200;50;50m▄[0m[38;2;200;50;50m[48;2;200;50;50m▄[0m[38;2;200;50;50m[48;2;200;50;50m▄[0m[38;2;200;50;50m[48;2;200;50;50m▄[0m[38;2;200;50;50m[48;2;200;50;50m▄[0m[38;2;200;50;50m[48;2;200;50;50m▄[0m[38;2;200;50;50m[48;2;200;50;50m▄[0m[38;2;200;50;50m[48;2;200;50;50m▄[0m[38;2;200;50;50m[48;2;200;50;50m▄[0m[38;2;200;50;50m[48;2;200;50;50m▄[0m[38;2;200;50;50m[48;2;200;50;50m▄[0m[38;2;200;50;50m[48;2;200;50;50m▄[0m[38;2;200;50;50m[48;2;200;50;50m▄[0m[38;2;200;50;50m[48;2;200;50;50m▄[0m[38;2;200;50;50m[48;2;200;50;50m▄[0m[38;2;200;50;50m[48;2;200;50;50m▄[0m[38;2;200;50;50m[48;2;200;50;50m▄[0m[38;2;200;50;50m[48;2;200;50;50m▄[0m[38;2;200;50;50m[48;2;200;50;50m▄[0m[38;2;200;50;50m[48;2;200;50;50m▄[0m[38;2;200;50;50m[48;2;200;50;50m▄[0m[38;2;200;50;50m[48;2;200;50;50m▄[0m[38;2;200;50;50m[48;2;200;50;50m▄[0m[38;2;200;50;50m[48;2;200;50;50m▄[0m[38;2;200;50;50m[48;2;200;50;50m▄[0m[38;2;200;50;50m[48;2;200;50;50m▄[0m[38;2;200;50;50m[48;2;200;50;50m▄[0m[38;2;200;50;50m[48;2;200;50;50m▄[0m[38;2;200;50;50m[48;2;200;50;50m▄[0m[38;2;200;50;50m[48;2;200;50;50m▄[0m[38;2;200;50;50m[48;2;200;50;50m▄[0m[38;2;200;50;50m[48;2;200;50;50m▄[0m[38;2;200;50;50m[48;2;200;50;50m▄[0m[38;2;200;50;50m[48;2;200;50;50m▄[0m[38;2;200;50;50m[48;2;200;50;50m▄[0m[38;2;200;50;50m[48;2;200;50;50m▄[0m[38;2;200;50;50m[48;2;200;50;50m▄[0m[38;2;200;50;50m[48;2;200;50;50m▄[0m[38;2;200;50;50m[48;2;200;50;50m▄[0m[38;2;200;50;50m[48;2;200;50;50m▄[0m[38;2;200;50;50m[48;2;200;50;50m▄[0m[38;2;200;50;50m[48;2;200;50;50m▄[0m[38;2;200;50;50m[48;2;200;50;50m▄[0m[38;2;200;50;50m[48;2;200;50;50m▄[0m[38;2;200;50;50m[48;2;200;50;50m▄[0m[38;2;200;50;50m[48;2;200;50;50m▄[0m[38;2;200;50;50m[48;2;200;50;50m▄[0m[38;2;200;50;50m[48;2;200;50;50m▄[0m[38;2;200;50;50m[48;2;200;50;50m▄[0m[38;2;200;50;50m[48;2;200;50;50m▄[0m[38;2;200;50;50m[48;2;200;50;50m▄[0m[38;2;200;50;50m[48;2;200;50;50m▄[0m[38;2;200;50;50m[48;2;200;50;50m▄[0m[38;2;200;50;50m[48;2;200;50;50m▄[0m[38;2;200;50;50m[48;2;200;50;50m▄[0m[38;2;200;50;50m[48;2;200;50;50m▄[0m[38;2;200;50;50m[48;2;200;50;50m▄[0m[38;2;200;50;50m[48;2;200;50;50m▄[0m[38;2;200;50;50m[48;2;200;50;50m▄[0m[38;2;200;50;50m[48;2;200;50;50m▄[0m[38;2;200;50;50m[48;2;200;50;50m▄[0m[38;2;200;50;50m[48;2;200;50;50m▄[0m[38;2;200;50;50m[48;2;200;50;50m▄[0m[38;2;200;50;50m[48;2;200;50;50m▄[0m[38;2;200;50;50m[48;2;200;50;50m▄[0m[38;2;200;50;50m[48;2;200;50;50m▄[0m
[38;2;30;30;60m[48;2;30;30;60m▄[0m[38;2;30;30;60m[48;2;30;30;60m▄[0m[38;2;30;30;60m[48;2;30;30;60m▄[0m[38;2;30;30;60m[48;2;30;30;60m▄[0m[38;2;30;30;60m[48;2;30;30;60m▄[0m[38;2;30;30;60m[48;2;30;30;60m▄[0m[38;2;30;30;60m[48;2;30;30;60m▄[0m[38;2;30;30;60m[48;2;30;30;60m▄[0m[38;2;30;30;60m[48;2;30;30;60m▄[0m[38;2;30;30;60m[48;2;30;30;60m▄[0m[38;2;200;50;50m[48;2;200;50;50m▄[0m[38;2;200;50;50m[48;2;200;50;50m▄[0m[38;2;200;50;50m[48;2;200;50;50m▄[0m[38;2;200;50;50m[48;2;200;50;50m▄[0m[38;2;200;50;50m[48;2;200;50;50m▄[0m[38;2;200;50;50m[48;2;200;50;50m▄[0m[38;2;200;50;50m[48;2;200;50;50m▄[0m[38;2;200;50;50m[48;2;200;50;50m▄[0m[38;2;200;50;50m[48;2;200;50;50m▄[0m[38;2;200;50;50m[48;2;200;50;50m▄[0m[38;2;200;50;50m[48;2;200;50;50m▄[0m[38;2;200;50;50m[48;2;200;50;50m▄[0m[38;2;200;50;50m[48;2;200;50;50m▄[0m[38;2;200;50;50m[48;2;200;50;50m▄[0m[38;2;200;50;50m[48;2;200;50;50m▄[0m[38;2;200;50;50m[48;2;200;50;50m▄[0m[38;2;200;50;50m[48;2;200;50;50m▄[0m[38;2;200;50;50m[48;2;200;50;50m▄[0m[38;2;200;50;50m[48;2;200;50;50m▄[0m[38;2;200;50;50m[48;2;200;50;50m▄[0m[38;2;200;50;50m[48;2;200;50;50m▄[0m[38;2;200;50;50m[48;2;200;50;50m▄[0m[38;2;200;50;50m[48;2;200;50;50m▄[0m[38;2;200;50;50m[48;2;200;50;50m▄[0m[38;2;200;50;50m[48;2;200;50;50m▄[0m[38;2;200;50;50m[48;2;200;50;50m▄[0m[38;2;200;50;50m[48;2;200;50;50m▄[0m[38;2;200;50;50m[48;2;200;50;50m▄[0m[38;2;200;50;50m[48;2;200;50;50m▄[0m[38;2;200;50;50m[48;2;200;50;50m▄[0m[38;2;200;50;50m[48;2;200;50;50m▄[0m[38;2;200;50;50m[48;2;200;50;50m▄[0m[38;2;200;50;50m[48;2;200;50;50m▄[0m[38;2;200;50;50m[48;2;200;50;50m▄[0m[38;2;200;50;50m[48;2;200;50;50m▄[0m[38;2;200;50;50m[48;2;200;50;50m▄[0m[38;2;200;50;50m[48;2;200;50;50m▄[0m[38;2;200;50;50m[48;2;200;50;50m▄[0m[38;2;200;50;50m[48;2;200;50;50m▄[0m[38;2;200;50;50m[48;2;200;50;50m▄[0m[38;2;200;50;50m[48;2;200;50;50m▄[0m[38;2;200;50;50m[48;2;200;50;50m▄[0m[38;2;200;50;50m[48;2;200;50;50m▄[0m[38;2;200;50;50m[48;2;200;50;50m▄[0m[38;2;200;50;50m[48;2;200;50;50m▄[0m[38;2;200;50;50m[48;2;200;50;50m▄[0m[38;2;200;50;50m[48;2;200;50;50m▄[0m[38;2;200;50;50m[48;2;200;50;50m▄[0m[38;2;200;50;50m[48;2;200;50;50m▄[0m[38;2;200;50;50m[48;2;200;50;50m▄[0m[38;2;200;50;50m[48;2;200;50;50m▄[0m[38;2;200;50;50m[48;2;200;50;50m▄[0m[38;2;200;50;50m[48;2;200;50;50m▄[0m[38;2;200;50;50m[48;2;200;50;50m▄[0m[38;2;200;50;50m[48;2;200;50;50m▄[0m[38;2;200;50;50m[48;2;200;50;50m▄[0m[38;2;200;50;50m[48;2;200;50;50m▄[0m[38;2;200;50;50m[48;2;200;50;50m▄[0m[38;2;200;50;50m[48;2;200;50;50m▄[0m[38;2;200;50;50m[48;2;200;50;50m▄[0m[38;2;200;50;50m[48;2;200;50;50m▄[0m[38;2;200;50;50m[48;2;200;50;50m▄[0m[38;2;200;50;50m[48;2;200;50;50m▄[0m[38;2;200;50;50m[48;2;200;50;50m▄[0m[38;2;200;50;50m[48;2;200;50;50m▄[0m[38;2;200;50;50m[48;2;200;50;50m▄[0m[38;2;200;50;50m[48;2;200;50;50m▄[0m[38;2;200;50;50m[48;2;200;50;50m▄[0m[38;2;200;50;50m[48;2;200;50;50m▄[0m[38;2;200;50;50m[48;2;200;50;50m▄[0m
[38;2;30;30;60m[48;2;30;30;60m▄[0m[38;2;30;30;60m[48;2;30;30;60m▄[0m[38;2;30;30;60m[48;2;30;30;60m▄[0m[38;2;30;30;60m[48;2;30;30;60m▄[0m[38;2;30;30;60m[48;2;30;30;60m▄[0m[38;2;30;30;60m[48;2;30;30;60m▄[0m[38;2;30;30;60m[48;2;30;30;60m▄[0m[38;2;30;30;60m[48;2;30;30;60m▄[0m[38;2;30;30;60m[48;2;30;30;60m▄[0m[38;2;30;30;60m[48;2;30;30;60m▄[0m[38;2;200;50;50m[48;2;30;30;60m▄[0m[38;2;200;50;50m[48;2;30;30;60m▄[0m[38;2;200;50;50m[48;2;30;30;60m▄[0m[38;2;200;50;50m[48;2;30;30;60m▄[0m[38;2;200;50;50m[48;2;30;30;60m▄[0m[38;2;200;50;50m[48;2;30;30;60m▄[0m[38;2;200;50;50m[48;2;30;30;60m▄[0m[38;2;200;50;50m[48;2;30;30;60m▄[0m[38;2;200;50;50m[48;2;30;30;60m▄[0m[38;2;200;50;50m[48;2;30;30;60m▄[0m[38;2;200;50;50m[48;2;30;30;60m▄[0m[38;2;200;50;50m[48;2;30;30;60m▄[0m[38;2;200;50;50m[48;2;30;30;60m▄[0m[38;2;200;50;50m[48;2;30;30;60m▄[0m[38;2;200;50;50m[48;2;30;30;60m▄[0m[38;2;200;50;50m[48;2;30;30;60m▄[0m[38;2;200;50;50m[48;2;30;30;60m▄[0m[38;2;200;50;50m[48;2;30;30;60m▄[0m[38;2;200;50;50m[48;2;30;30;60m▄[0m[38;2;200;50;50m[48;2;30;30;60m▄[0m[38;2;200;50;50m[48;2;30;30;60m▄[0m[38;2;200;50;50m[48;2;30;30;60m▄[0m[38;2;200;50;50m[48;2;30;30;60m▄[0m[38;2;200;50;50m[48;2;30;30;60m▄[0m[38;2;200;50;50m[48;2;30;30;60m▄[0m[38;2;200;50;50m[48;2;30;30;60m▄[0m[38;2;200;50;50m[48;2;30;30;60m▄[0m[38;2;200;50;50m[48;2;30;30;60m▄[0m[38;2;200;50;50m[48;2;30;30;60m▄[0m[38;2;200;50;50m[48;2;30;30;60m▄[0m[38;2;200;50;50m[48;2;30;30;60m▄[0m[38;2;200;50;50m[48;2;30;30;60m▄[0m[38;2;200;50;50m[48;2;30;30;60m▄[0m[38;2;200;50;50m[48;2;30;30;60m▄[0m[38;2;200;50;50m[48;2;30;30;60m▄[0m[38;2;200;50;50m[48;2;30;30;60m▄[0m[38;2;200;50;50m[48;2;30;30;60m▄[0m[38;2;200;50;50m[48;2;30;30;60m▄[0m[38;2;200;50;50m[48;2;30;30;60m▄[0m[38;2;200;50;50m[48;2;30;30;60m▄[0m[38;2;200;50;50m[48;2;30;30;60m▄[0m[38;2;200;50;50m[48;2;30;30;60m▄[0m[38;2;200;50;50m[48;2;30;30;60m▄[0m[38;2;200;50;50m[48;2;30;30;60m▄[0m[38;2;200;50;50m[48;2;30;30;60m▄[0m[38;2;200;50;50m[48;2;30;30;60m▄[0m[38;2;200;50;50m[48;2;30;30;60m▄[0m[38;2;200;50;50m[48;2;30;30;60m▄[0m[38;2;200;50;50m[48;2;30;30;60m▄[0m[38;2;200;50;50m[48;2;30;30;60m▄[0m[38;2;200;50;50m[48;2;30;30;60m▄[0m[38;2;200;50;50m[48;2;30;30;60m▄[0m[38;2;200;50;50m[48;2;30;30;60m▄[0m[38;2;200;50;50m[48;2;30;30;60m▄[0m[38;2;200;50;50m[48;2;30;30;60m▄[0m[38;2;200;50;50m[48;2;30;30;60m▄[0m[38;2;200;50;50m[48;2;30;30;60m▄[0m[38;2;200;50;50m[48;2;30;30;60m▄[0m[38;2;200;50;50m[48;2;30;30;60m▄[0m[38;2;200;50;50m[48;2;30;30;60m▄[0m[38;2;200;50;50m[48;2;30;30;60m▄[0m[38;2;200;50;50m[48;2;30;30;60m▄[0m[38;2;200;50;50m[48;2;30;30;60m▄[0m[38;2;200;50;50m[48;2;30;30;60m▄[0m[38;2;200;50;50m[48;2;30;30;60m▄[0m[38;2;200;50;50m[48;2;30;30;60m▄[0m[38;2;200;50;50m[48;2;30;30;60m▄[0m[38;2;200;50;50m[48;2;30;30;60m▄[0m[38;2;200;50;50m[48;2;30;30;60m▄[0m[38;2;200;50;50m[48;2;30;30;60m▄[0m
[38;2;30;30;60m[48;2;30;30;60m▄[0m[38;2;30;30;60m[48;2;30;30;60m▄[0m[38;2;30;30;60m[48;2;30;30;60m▄[0m[38;2;30;30;60m[48;2;30;30;60m▄[0m[38;2;30;30;60m[48;2;30;30;60m▄[0m[38;2;30;30;60m[48;2;30;30;60m▄[0m[38;2;30;30;60m[48;2;30;30;60m▄[0m[38;2;30;30;60m[48;2;30;30;60m▄[0m[38;2;30;30;60m[48;2;30;30;60m▄[0m[38;2;30;30;60m[48;2;30;30;60m▄[0m[38;2;30;30;60m[48;2;30;30;60m▄[0m[38;2;30;30;60m[48;2;30;30;60m▄[0m[38;2;30;30;60m[48;2;30;30;60m▄[0m[38;2;30;30;60m[48;2;30;30;60m▄[0m[38;2;30;30;60m[48;2;30;30;60m▄[0m[38;2;30;30;60m[48;2;30;30;60m▄[0m[38;2;30;30;60m[48;2;30;30;60m▄[0m[38;2;30;30;60m[48;2;30;30;60m▄[0m[38;2;30;30;60m[48;2;30;30;60m▄[0m[38;2;30;30;60m[48;2;30;30;60m▄[0m[38;2;30;30;60m[48;2;30;30;60m▄[0m[38;2;30;30;60m[48;2;30;30;60m▄[0m[38;2;30;30;60m[48;2;30;30;60m▄[0m[38;2;30;30;60m[48;2;30;30;60m▄[0m[38;2;30;30;60m[48;2;30;30;60m▄[0m[38;2;30;30;60m[48;2;30;30;60m▄[0m[38;2;30;30;60m[48;2;30;30;60m▄[0m[38;2;30;30;60m[48;2;30;30;60m▄[0m[38;2;30;30;60m[48;2;30;30;60m▄[0m[38;2;30;30;60m[48;2;30;30;60m▄[0m[38;2;30;30;60m[48;2;30;30;60m▄[0m[38;2;30;30;60m[48;2;30;30;60m▄[0m[38;2;30;30;60m[48;2;30;30;60m▄[0m[38;2;30;30;60m[48;2;30;30;60m▄[0m[38;2;30;30;60m[48;2;30;30;60m▄[0m[38;2;30;30;60m[48;2;30;30;60m▄[0m[38;2;30;30;60m[48;2;30;30;60m▄[0m[38;2;30;30;60m[48;2;30;30;60m▄[0m[38;2;30;30;60m[48;2;30;30;60m▄[0m[38;2;30;30;60m[48;2;30;30;60m▄[0m[38;2;30;30;60m[48;2;30;30;60m▄[0m[38;2;30;30;60m[48;2;30;30;60m▄[0m[38;2;30;30;60m[48;2;30;30;60m▄[0m[38;2;30;30;60m[48;2;30;30;60m▄[0m[38;2;30;30;60m[48;2;30;30;60m▄[0m[38;2;30;30;60m[48;2;30;30;60m▄[0m[38;2;30;30;60m[48;2;30;30;60m▄[0m[38;2;30;30;60m[48;2;30;30;60m▄[0m[38;2;30;30;60m[48;2;30;30;60m▄[0m[38;2;30;30;60m[48;2;30;30;60m▄[0m[38;2;30;30;60m[48;2;30;30;60m▄[0m[38;2;30;30;60m[48;2;30;30;60m▄[0m[38;2;30;30;60m[48;2;30;30;60m▄[0m[38;2;30;30;60m[48;2;30;30;60m▄[0m[38;2;30;30;60m[48;2;30;30;60m▄[0m[38;2;30;30;60m[48;2;30;30;60m▄[0m[38;2;30;30;60m[48;2;30;30;60m▄[0m[38;2;30;30;60m[48;2;30;30;60m▄[0m[38;2;30;30;60m[48;2;30;30;60m▄[0m[38;2;30;30;60m[48;2;30;30;60m▄[0m[38;2;30;30;60m[48;2;30;30;60m▄[0m[38;2;30;30;60m[48;2;30;30;60m▄[0m[38;2;30;30;60m[48;2;30;30;60m▄[0m[38;2;30;30;60m[48;2;30;30;60m▄[0m[38;2;30;30;60m[48;2;30;30;60m▄[0m[38;2;30;30;60m[48;2;30;30;60m▄[0m[38;2;30;30;60m[48;2;30;30;60m▄[0m[38;2;30;30;60m[48;2;30;30;60m▄[0m[38;2;30;30;60m[48;2;30;30;60m▄[0m[38;2;30;30;60m[48;2;30;30;60m▄[0m[38;2;30;30;60m[48;2;30;30;60m▄[0m[38;2;30;30;60m[48;2;30;30;60m▄[0m[38;2;30;30;60m[48;2;30;30;60m▄[0m[38;2;30;30;60m[48;2;30;30;60m▄[0m[38;2;30;30;60m[48;2;30;30;60m▄[0m[38;2;30;30;60m[48;2;30;30;60m▄[0m[38;2;30;30;60m[48;2;30;30;60m▄[0m[38;2;30;30;60m[48;2;30;30;60m▄[0m[38;2;30;30;60m[48;2;30;30;60m▄[0m[38;2;30;30;60m[48;2;30;30;60m▄[0m
[38;2;30;30;60m[48;2;30;30;60m▄[0m[38;2;30;30;60m[48;2;30;30;60m▄[0m[38;2;30;30;60m[48;2;30;30;60m▄[0m[38;2;30;30;60m[48;2;30;30;60m▄[0m[38;2;30;30;60m[48;2;30;30;60m▄[0m[38;2;30;30;60m[48;2;30;30;60m▄[0m[38;2;30;30;60m[48;2;30;30;60m▄[0m[38;2;30;30;60m[48;2;30;30;60m▄[0m[38;2;30;30;60m[48;2;30;30;60m▄[0m[38;2;30;30;60m[48;2;30;30;60m▄[0m[38;2;30;30;60m[48;2;30;30;60m▄[0m[38;2;30;30;60m[48;2;30;30;60m▄[0m[38;2;30;30;60m[48;2;30;30;60m▄[0m[38;2;30;30;60m[48;2;30;30;60m▄[0m[38;2;30;30;60m[48;2;30;30;60m▄[0m[38;2;30;30;60m[48;2;30;30;60m▄[0m[38;2;30;30;60m[48;2;30;30;60m▄[0m[38;2;30;30;60m[48;2;30;30;60m▄[0m[38;2;30;30;60m[48;2;30;30;60m▄[0m[38;2;30;30;60m[48;2;30;30;60m▄[0m[38;2;30;30;60m[48;2;30;30;60m▄[0m[38;2;30;30;60m[48;2;30;30;60m▄[0m[38;2;30;30;60m[48;2;30;30;60m▄[0m[38;2;30;30;60m[48;2;30;30;60m▄[0m[38;2;30;30;60m[48;2;30;30;60m▄[0m[38;2;30;30;60m[48;2;30;30;60m▄[0m[38;2;30;30;60m[48;2;30;30;60m▄[0m[38;2;30;30;60m[48;2;30;30;60m▄[0m[38;2;30;30;60m[48;2;30;30;60m▄[0m[38;2;30;30;60m[48;2;30;30;60m▄[0m[38;2;30;30;60m[48;2;30;30;60m▄[0m[38;2;30;30;60m[48;2;30;30;60m▄[0m[38;2;30;30;60m[48;2;30;30;60m▄[0m[38;2;30;30;60m[48;2;30;30;60m▄[0m[38;2;30;30;60m[48;2;30;30;60m▄[0m[38;2;30;30;60m[48;2;30;30;60m▄[0m[38;2;30;30;60m[48;2;30;30;60m▄[0m[38;2;30;30;60m[48;2;30;30;60m▄[0m[38;2;30;30;60m[48;2;30;30;60m▄[0m[38;2;30;30;60m[48;2;30;30;60m▄[0m[38;2;30;30;60m[48;2;30;30;60m▄[0m[38;2;30;30;60m[48;2;30;30;60m▄[0m[38;2;30;30;60m[48;2;30;30;60m▄[0m[38;2;30;30;60m[48;2;30;30;60m▄[0m[38;2;30;30;60m[48;2;30;30;60m▄[0m[38;2;30;30;60m[48;2;30;30;60m▄[0m[38;2;30;30;60m[48;2;30;30;60m▄[0m[38;2;30;30;60m[48;2;30;30;60m▄[0m[38;2;30;30;60m[48;2;30;30;60m▄[0m[38;2;30;30;60m[48;2;30;30;60m▄[0m[38;2;30;30;60m[48;2;30;30;60m▄[0m[38;2;30;30;60m[48;2;30;30;60m▄[0m[38;2;30;30;60m[48;2;30;30;60m▄[0m[38;2;30;30;60m[48;2;30;30;60m▄[0m[38;2;30;30;60m[48;2;30;30;60m▄[0m[38;2;30;30;60m[48;2;30;30;60m▄[0m[38;2;30;30;60m[48;2;30;30;60m▄[0m[38;2;30;30;60m[48;2;30;30;60m▄[0m[38;2;30;30;60m[48;2;30;30;60m▄[0m[38;2;30;30;60m[48;2;30;30;60m▄[0m[38;2;30;30;60m[48;2;30;30;60m▄[0m[38;2;30;30;60m[48;2;30;30;60m▄[0m[38;2;30;30;60m[48;2;30;30;60m▄[0m[38;2;30;30;60m[48;2;30;30;60m▄[0m[38;2;30;30;60m[48;2;30;30;60m▄[0m[38;2;30;30;60m[48;2;30;30;60m▄[0m[38;2;30;30;60m[48;2;30;30;60m▄[0m[38;2;30;30;60m[48;2;30;30;60m▄[0m[38;2;30;30;60m[48;2;30;30;60m▄[0m[38;2;30;30;60m[48;2;30;30;60m▄[0m[38;2;30;30;60m[48;2;30;30;60m▄[0m[38;2;30;30;60m[48;2;30;30;60m▄[0m[38;2;30;30;60m[48;2;30;30;60m▄[0m[38;2;30;30;60m[48;2;30;30;60m▄[0m[38;2;30;30;60m[48;2;30;30;60m▄[0m[38;2;30;30;60m[48;2;30;30;60m▄[0m[38;2;30;30;60m[48;2;30;30;60m▄[0m[38;2;30;30;60m[48;2;30;30;60m▄[0m[38;2;30;30;60m[48;2;30;30;60m▄[0m[38;2;30;30;60m[48;2;30;30;60m▄[0m
[38;2;30;30;60m[48;2;30;30;60m▄[0m[38;2;30;30;60m[48;2;30;30;60m▄[0m[38;2;30;30;60m[48;2;30;30;60m▄[0m[38;2;30;30;60m[48;2;30;30;60m▄[0m[38;2;30;30;60m[48;2;30;30;60m▄[0m[38;2;30;30;60m[48;2;30;30;60m▄[0m[38;2;30;30;60m[48;2;30;30;60m▄[0m[38;2;30;30;60m[48;2;30;30;60m▄[0m[38;2;30;30;60m[48;2;30;30;60m▄[0m[38;2;30;30;60m[48;2;30;30;60m▄[0m[38;2;30;30;60m[48;2;30;30;60m▄[0m[38;2;30;30;60m[48;2;30;30;60m▄[0m[38;2;30;30;60m[48;2;30;30;60m▄[0m[38;2;30;30;60m[48;2;30;30;60m▄[0m[38;2;30;30;60m[48;2;30;30;60m▄[0m[38;2;30;30;60m[48;2;30;30;60m▄[0m[38;2;30;30;60m[48;2;30;30;60m▄[0m[38;2;30;30;60m[48;2;30;30;60m▄[0m[38;2;30;30;60m[48;2;30;30;60m▄[0m[38;2;30;30;60m[48;2;30;30;60m▄[0m[38;2;30;30;60m[48;2;30;30;60m▄[0m[38;2;30;30;60m[48;2;30;30;60m▄[0m[38;2;30;30;60m[48;2;30;30;60m▄[0m[38;2;30;30;60m[48;2;30;30;60m▄[0m[38;2;30;30;60m[48;2;30;30;60m▄[0m[38;2;30;30;60m[48;2;30;30;60m▄[0m[38;2;30;30;60m[48;2;30;30;60m▄[0m[38;2;30;30;60m[48;2;30;30;60m▄[0m[38;2;30;30;60m[48;2;30;30;60m▄[0m[38;2;30;30;60m[48;2;30;30;60m▄[0m[38;2;30;30;60m[48;2;30;30;60m▄[0m[38;2;30;30;60m[48;2;30;30;60m▄[0m[38;2;30;30;60m[48;2;30;30;60m▄[0m[38;2;30;30;60m[48;2;30;30;60m▄[0m[38;2;30;30;60m[48;2;30;30;60m▄[0m[38;2;30;30;60m[48;2;30;30;60m▄[0m[38;2;30;30;60m[48;2;30;30;60m▄[0m[38;2;30;30;60m[48;2;30;30;60m▄[0m[38;2;30;30;60m[48;2;30;30;60m▄[0m[38;2;30;30;60m[48;2;30;30;60m▄[0m[38;2;30;30;60m[48;2;30;30;60m▄[0m[38;2;30;30;60m[48;2;30;30;60m▄[0m[38;2;30;30;60m[48;2;30;30;60m▄[0m[38;2;30;30;60m[48;2;30;30;60m▄[0m[38;2;30;30;60m[48;2;30;30;60m▄[0m[38;2;30;30;60m[48;2;30;30;60m▄[0m[38;2;30;30;60m[48;2;30;30;60m▄[0m[38;2;30;30;60m[48;2;30;30;60m▄[0m[38;2;30;30;60m[48;2;30;30;60m▄[0m[38;2;30;30;60m[48;2;30;30;60m▄[0m[38;2;30;30;60m[48;2;30;30;60m▄[0m[38;2;30;30;60m[48;2;30;30;60m▄[0m[38;2;30;30;60m[48;2;30;30;60m▄[0m[38;2;30;30;60m[48;2;30;30;60m▄[0m[38;2;30;30;60m[48;2;30;30;60m▄[0m[38;2;30;30;60m[48;2;30;30;60m▄[0m[38;2;30;30;60m[48;2;30;30;60m▄[0m[38;2;30;30;60m[48;2;30;30;60m▄[0m[38;2;30;30;60m[48;2;30;30;60m▄[0m[38;2;30;30;60m[48;2;30;30;60m▄[0m[38;2;30;30;60m[48;2;30;30;60m▄[0m[38;2;30;30;60m[48;2;30;30;60m▄[0m[38;2;30;30;60m[48;2;30;30;60m▄[0m[38;2;30;30;60m[48;2;30;30;60m▄[0m[38;2;30;30;60m[48;2;30;30;60m▄[0m[38;2;30;30;60m[48;2;30;30;60m▄[0m[38;2;30;30;60m[48;2;30;30;60m▄[0m[38;2;30;30;60m[48;2;30;30;60m▄[0m[38;2;30;30;60m[48;2;30;30;60m▄[0m[38;2;30;30;60m[48;2;30;30;60m▄[0m[38;2;30;30;60m[48;2;30;30;60m▄[0m[38;2;30;30;60m[48;2;30;30;60m▄[0m[38;2;30;30;60m[48;2;30;30;60m▄[0m[38;2;30;30;60m[48;2;30;30;60m▄[0m[38;2;30;30;60m[48;2;30;30;60m▄[0m[38;2;30;30;60m[48;2;30;30;60m▄[0m[38;2;30;30;60m[48;2;30;30;60m▄[0m[38;2;30;30;60m[48;2;30;30;60m▄[0m[38;2;30;30;60m[48;2;30;30;60m▄[0m[38;2;30;30;60m[48;2;30;30;60m▄[0m
[38;2;30;30;60m[48;2;30;30;60m▄[0m[38;2;30;30;60m[48;2;30;30;60m▄[0m[38;2;30;30;60m[48;2;30;30;60m▄[0m[38;2;30;30;60m[48;2;30;30;60m▄[0m[38;2;30;30;60m[48;2;30;30;60m▄[0m[38;2;30;30;60m[48;2;30;30;60m▄[0m[38;2;30;30;60m[48;2;30;30;60m▄[0m[38;2;30;30;60m[48;2;30;30;60m▄[0m[38;2;30;30;60m[48;2;30;30;60m▄[0m[38;2;30;30;60m[48;2;30;30;60m▄[0m[38;2;30;30;60m[48;2;30;30;60m▄[0m[38;2;30;30;60m[48;2;30;30;60m▄[0m[38;2;30;30;60m[48;2;30;30;60m▄[0m[38;2;30;30;60m[48;2;30;30;60m▄[0m[38;2;30;30;60m[48;2;30;30;60m▄[0m[38;2;30;30;60m[48;2;30;30;60m▄[0m[38;2;30;30;60m[48;2;30;30;60m▄[0m[38;2;30;30;60m[48;2;30;30;60m▄[0m[38;2;30;30;60m[48;2;30;30;60m▄[0m[38;2;30;30;60m[48;2;30;30;60m▄[0m[38;2;30;30;60m[48;2;30;30;60m▄[0m[38;2;30;30;60m[48;2;30;30;60m▄[0m[38;2;30;30;60m[48;2;30;30;60m▄[0m[38;2;30;30;60m[48;2;30;30;60m▄[0m[38;2;30;30;60m[48;2;30;30;60m▄[0m[38;2;30;30;60m[48;2;30;30;60m▄[0m[38;2;30;30;60m[48;2;30;30;60m▄[0m[38;2;30;30;60m[48;2;30;30;60m▄[0m[38;2;30;30;60m[48;2;30;30;60m▄[0m[38;2;30;30;60m[48;2;30;30;60m▄[0m[38;2;30;30;60m[48;2;30;30;60m▄[0m[38;2;30;30;60m[48;2;30;30;60m▄[0m[38;2;30;30;60m[48;2;30;30;60m▄[0m[38;2;30;30;60m[48;2;30;30;60m▄[0m[38;2;30;30;60m[48;2;30;30;60m▄[0m[38;2;30;30;60m[48;2;30;30;60m▄[0m[38;2;30;30;60m[48;2;30;30;60m▄[0m[38;2;30;30;60m[48;2;30;30;60m▄[0m[38;2;30;30;60m[48;2;30;30;60m▄[0m[38;2;30;30;60m[48;2;30;30;60m▄[0m[38;2;30;30;60m[48;2;30;30;60m▄[0m[38;2;30;30;60m[48;2;30;30;60m▄[0m[38;2;30;30;60m[48;2;30;30;60m▄[0m[38;2;30;30;60m[48;2;30;30;60m▄[0m[38;2;30;30;60m[48;2;30;30;60m▄[0m[38;2;30;30;60m[48;2;30;30;60m▄[0m[38;2;30;30;60m[48;2;30;30;60m▄[0m[38;2;30;30;60m[48;2;30;30;60m▄[0m[38;2;30;30;60m[48;2;30;30;60m▄[0m[38;2;30;30;60m[48;2;30;30;60m▄[0m[38;2;30;30;60m[48;2;30;30;60m▄[0m[38;2;30;30;60m[48;2;30;30;60m▄[0m[38;2;30;30;60m[48;2;30;30;60m▄[0m[38;2;30;30;60m[48;2;30;30;60m▄[0m[38;2;30;30;60m[48;2;30;30;60m▄[0m[38;2;30;30;60m[48;2;30;30;60m▄[0m[38;2;30;30;60m[48;2;30;30;60m▄[0m[38;2;30;30;60m[48;2;30;30;60m▄[0m[38;2;30;30;60m[48;2;30;30;60m▄[0m[38;2;30;30;60m[48;2;30;30;60m▄[0m[38;2;30;30;60m[48;2;30;30;60m▄[0m[38;2;30;30;60m[48;2;30;30;60m▄[0m[38;2;30;30;60m[48;2;30;30;60m▄[0m[38;2;30;30;60m[48;2;30;30;60m▄[0m[38;2;30;30;60m[48;2;30;30;60m▄[0m[38;2;30;30;60m[48;2;30;30;60m▄[0m[38;2;30;30;60m[48;2;30;30;60m▄[0m[38;2;30;30;60m[48;2;30;30;60m▄[0m[38;2;30;30;60m[48;2;30;30;60m▄[0m[38;2;30;30;60m[48;2;30;30;60m▄[0m[38;2;30;30;60m[48;2;30;30;60m▄[0m[38;2;30;30;60m[48;2;30;30;60m▄[0m[38;2;30;30;60m[48;2;30;30;60m▄[0m[38;2;30;30;60m[48;2;30;30;60m▄[0m[38;2;30;30;60m[48;2;30;30;60m▄[0m[38;2;30;30;60m[48;2;30;30;60m▄[0m[38;2;30;30;60m[48;2;30;30;60m▄[0m[38;2;30;30;60m[48;2;30;30;60m▄[0m[38;2;30;30;60m[48;2;30;30;60m▄[0m[38;2;30;30;60m[48;2;30;30;60m▄[0m
[38;2;30;30;60m[48;2;30;30;60m▄[0m[38;2;30;30;60m[48;2;30;30;60m▄[0m[38;2;30;30;60m[48;2;30;30;60m▄[0m[38;2;30;30;60m[48;2;30;30;60m▄[0m[38;2;30;30;60m[48;2;30;30;60m▄[0m[38;2;30;30;60m[48;2;30;30;60m▄[0m[38;2;30;30;60m[48;2;30;30;60m▄[0m[38;2;30;30;60m[48;2;30;30;60m▄[0m[38;2;30;30;60m[48;2;30;30;60m▄[0m[38;2;30;30;60m[48;2;30;30;60m▄[0m[38;2;30;30;60m[48;2;30;30;60m▄[0m[38;2;30;30;60m[48;2;30;30;60m▄[0m[38;2;30;30;60m[48;2;30;30;60m▄[0m[38;2;30;30;60m[48;2;30;30;60m▄[0m[38;2;30;30;60m[48;2;30;30;60m▄[0m[38;2;30;30;60m[48;2;30;30;60m▄[0m[38;2;30;30;60m[48;2;30;30;60m▄[0m[38;2;30;30;60m[48;2;30;30;60m▄[0m[38;2;30;30;60m[48;2;30;30;60m▄[0m[38;2;30;30;60m[48;2;30;30;60m▄[0m[38;2;30;30;60m[48;2;30;30;60m▄[0m[38;2;30;30;60m[48;2;30;30;60m▄[0m[38;2;30;30;60m[48;2;30;30;60m▄[0m[38;2;30;30;60m[48;2;30;30;60m▄[0m[38;2;30;30;60m[48;2;30;30;60m▄[0m[38;2;30;30;60m[48;2;30;30;60m▄[0m[38;2;30;30;60m[48;2;30;30;60m▄[0m[38;2;30;30;60m[48;2;30;30;60m▄[0m[38;2;30;30;60m[48;2;30;30;60m▄[0m[38;2;30;30;60m[48;2;30;30;60m▄[0m[38;2;30;30;60m[48;2;30;30;60m▄[0m[38;2;30;30;60m[48;2;30;30;60m▄[0m[38;2;30;30;60m[48;2;30;30;60m▄[0m[38;2;30;30;60m[48;2;30;30;60m▄[0m[38;2;30;30;60m[48;2;30;30;60m▄[0m[38;2;30;30;60m[48;2;30;30;60m▄[0m[38;2;30;30;60m[48;2;30;30;60m▄[0m[38;2;30;30;60m[48;2;30;30;60m▄[0m[38;2;30;30;60m[48;2;30;30;60m▄[0m[38;2;30;30;60m[48;2;30;30;60m▄[0m[38;2;30;30;60m[48;2;30;30;60m▄[0m[38;2;30;30;60m[48;2;30;30;60m▄[0m[38;2;30;30;60m[48;2;30;30;60m▄[0m[38;2;30;30;60m[48;2;30;30;60m▄[0m[38;2;30;30;60m[48;2;30;30;60m▄[0m[38;2;30;30;60m[48;2;30;30;60m▄[0m[38;2;30;30;60m[48;2;30;30;60m▄[0m[38;2;30;30;60m[48;2;30;30;60m▄[0m[38;2;30;30;60m[48;2;30;30;60m▄[0m[38;2;30;30;60m[48;2;30;30;60m▄[0m[38;2;30;30;60m[48;2;30;30;60m▄[0m[38;2;30;30;60m[48;2;30;30;60m▄[0m[38;2;30;30;60m[48;2;30;30;60m▄[0m[38;2;30;30;60m[48;2;30;30;60m▄[0m[38;2;30;30;60m[48;2;30;30;60m▄[0m[38;2;30;30;60m[48;2;30;30;60m▄[0m[38;2;30;30;60m[48;2;30;30;60m▄[0m[38;2;30;30;60m[48;2;30;30;60m▄[0m[38;2;30;30;60m[48;2;30;30;60m▄[0m[38;2;30;30;60m[48;2;30;30;60m▄[0m[38;2;30;30;60m[48;2;30;30;60m▄[0m[38;2;30;30;60m[48;2;30;30;60m▄[0m[38;2;30;30;60m[48;2;30;30;60m▄[0m[38;2;30;30;60m[48;2;30;30;60m▄[0m[38;2;30;30;60m[48;2;30;30;60m▄[0m[38;2;30;30;60m[48;2;30;30;60m▄[0m[38;2;30;30;60m[48;2;30;30;60m▄[0m[38;2;30;30;60m[48;2;30;30;60m▄[0m[38;2;30;30;60m[48;2;30;30;60m▄[0m[38;2;30;30;60m[48;2;30;30;60m▄[0m[38;2;30;30;60m[48;2;30;30;60m▄[0m[38;2;30;30;60m[48;2;30;30;60m▄[0m[38;2;30;30;60m[48;2;30;30;60m▄[0m[38;2;30;30;60m[48;2;30;30;60m▄[0m[38;2;30;30;60m[48;2;30;30;60m▄[0m[38;2;30;30;60m[48;2;30;30;60m▄[0m[38;2;30;30;60m[48;2;30;30;60m▄[0m[38;2;30;30;60m[48;2;30;30;60m▄[0m[38;2;30;30;60m[48;2;30;30;60m▄[0m[38;2;30;30;60m[48;2;30;30;60m▄[0m
[38;2;30;30;60m[48;2;30;30;60m▄[0m[38;2;30;30;60m[48;2;30;30;60m▄[0m[38;2;30;30;60m[48;2;30;30;60m▄[0m[38;2;30;30;60m[48;2;30;30;60m▄[0m[38;2;30;30;60m[48;2;30;30;60m▄[0m[38;2;30;30;60m[48;2;30;30;60m▄[0m[38;2;30;30;60m[48;2;30;30;60m▄[0m[38;2;30;30;60m[48;2;30;30;60m▄[0m[38;2;30;30;60m[48;2;30;30;60m▄[0m[38;2;30;30;60m[48;2;30;30;60m▄[0m[38;2;30;30;60m[48;2;30;30;60m▄[0m[38;2;30;30;60m[48;2;30;30;60m▄[0m[38;2;30;30;60m[48;2;30;30;60m▄[0m[38;2;30;30;60m[48;2;30;30;60m▄[0m[38;2;30;30;60m[48;2;30;30;60m▄[0m[38;2;30;30;60m[48;2;30;30;60m▄[0m[38;2;30;30;60m[48;2;30;30;60m▄[0m[38;2;30;30;60m[48;2;30;30;60m▄[0m[38;2;30;30;60m[48;2;30;30;60m▄[0m[38;2;30;30;60m[48;2;30;30;60m▄[0m[38;2;30;30;60m[48;2;30;30;60m▄[0m[38;2;30;30;60m[48;2;30;30;60m▄[0m[38;2;30;30;60m[48;2;30;30;60m▄[0m[38;2;30;30;60m[48;2;30;30;60m▄[0m[38;2;30;30;60m[48;2;30;30;60m▄[0m[38;2;30;30;60m[48;2;30;30;60m▄[0m[38;2;30;30;60m[48;2;30;30;60m▄[0m[38;2;30;30;60m[48;2;30;30;60m▄[0m[38;2;30;30;60m[48;2;30;30;60m▄[0m[38;2;30;30;60m[48;2;30;30;60m▄[0m[38;2;30;30;60m[48;2;30;30;60m▄[0m[38;2;30;30;60m[48;2;30;30;60m▄[0m[38;2;30;30;60m[48;2;30;30;60m▄[0m[38;2;30;30;60m[48;2;30;30;60m▄[0m[38;2;30;30;60m[48;2;30;30;60m▄[0m[38;2;30;30;60m[48;2;30;30;60m▄[0m[38;2;30;30;60m[48;2;30;30;60m▄[0m[38;2;30;30;60m[48;2;30;30;60m▄[0m[38;2;30;30;60m[48;2;30;30;60m▄[0m[38;2;30;30;60m[48;2;30;30;60m▄[0m[38;2;30;30;60m[48;2;30;30;60m▄[0m[38;2;30;30;60m[48;2;30;30;60m▄[0m[38;2;30;30;60m[48;2;30;30;60m▄[0m[38;2;30;30;60m[48;2;30;30;60m▄[0m[38;2;30;30;60m[48;2;30;30;60m▄[0m[38;2;30;30;60m[48;2;30;30;60m▄[0m[38;2;30;30;60m[48;2;30;30;60m▄[0m[38;2;30;30;60m[48;2;30;30;60m▄[0m[38;2;30;30;60m[48;2;30;30;60m▄[0m[38;2;30;30;60m[48;2;30;30;60m▄[0m[38;2;30;30;60m[48;2;30;30;60m▄[0m[38;2;30;30;60m[48;2;30;30;60m▄[0m[38;2;30;30;60m[48;2;30;30;60m▄[0m[38;2;30;30;60m[48;2;30;30;60m▄[0m[38;2;30;30;60m[48;2;30;30;60m▄[0m[38;2;30;30;60m[48;2;30;30;60m▄[0m[38;2;30;30;60m[48;2;30;30;60m▄[0m[38;2;30;30;60m[48;2;30;30;60m▄[0m[38;2;30;30;60m[48;2;30;30;60m▄[0m[38;2;30;30;60m[48;2;30;30;60m▄[0m[38;2;30;30;60m[48;2;30;30;60m▄[0m[38;2;30;30;60m[48;2;30;30;60m▄[0m[38;2;30;30;60m[48;2;30;30;60m▄[0m[38;2;30;30;60m[48;2;30;30;60m▄[0m[38;2;30;30;60m[48;2;30;30;60m▄[0m[38;2;30;30;60m[48;2;30;30;60m▄[0m[38;2;30;30;60m[48;2;30;30;60m▄[0m[38;2;30;30;60m[48;2;30;30;60m▄[0m[38;2;30;30;60m[48;2;30;30;60m▄[0m[38;2;30;30;60m[48;2;30;30;60m▄[0m[38;2;30;30;60m[48;2;30;30;60m▄[0m[38;2;30;30;60m[48;2;30;30;60m▄[0m[38;2;30;30;60m[48;2;30;30;60m▄[0m[38;2;30;30;60m[48;2;30;30;60m▄[0m[38;2;30;30;60m[48;2;30;30;60m▄[0m[38;2;30;30;60m[48;2;30;30;60m▄[0m[38;2;30;30;60m[48;2;30;30;60m▄[0m[38;2;30;30;60m[48;2;30;30;60m▄[0m[38;2;30;30;60m[48;2;30;30;60m▄[0m[38;2;30;30;60m[48;2;30;30;60m▄[0m
[38;2;30;30;60m[48;2;30;30;60m▄[0m[38;2;30;30;60m[48;2;30;30;60m▄[0m[38;2;30;30;60m[48;2;30;30;60m▄[0m[38;2;30;30;60m[48;2;30;30;60m▄[0m[38;2;30;30;60m[48;2;30;30;60m▄[0m[38;2;30;30;60m[48;2;30;30;60m▄[0m[38;2;30;30;60m[48;2;30;30;60m▄[0m[38;2;30;30;60m[48;2;30;30;60m▄[0m[38;2;30;30;60m[48;2;30;30;60m▄[0m[38;2;30;30;60m[48;2;30;30;60m▄[0m[38;2;30;30;60m[48;2;30;30;60m▄[0m[38;2;30;30;60m[48;2;30;30;60m▄[0m[38;2;30;30;60m[48;2;30;30;60m▄[0m[38;2;30;30;60m[48;2;30;30;60m▄[0m[38;2;30;30;60m[48;2;30;30;60m▄[0m[38;2;30;30;60m[48;2;30;30;60m▄[0m[38;2;30;30;60m[48;2;30;30;60m▄[0m[38;2;30;30;60m[48;2;30;30;60m▄[0m[38;2;30;30;60m[48;2;30;30;60m▄[0m[38;2;30;30;60m[48;2;30;30;60m▄[0m[38;2;30;30;60m[48;2;30;30;60m▄[0m[38;2;30;30;60m[48;2;30;30;60m▄[0m[38;2;30;30;60m[48;2;30;30;60m▄[0m[38;2;30;30;60m[48;2;30;30;60m▄[0m[38;2;30;30;60m[48;2;30;30;60m▄[0m[38;2;30;30;60m[48;2;30;30;60m▄[0m[38;2;30;30;60m[48;2;30;30;60m▄[0m[38;2;30;30;60m[48;2;30;30;60m▄[0m[38;2;30;30;60m[48;2;30;30;60m▄[0m[38;2;30;30;60m[48;2;30;30;60m▄[0m[38;2;30;30;60m[48;2;30;30;60m▄[0m[38;2;30;30;60m[48;2;30;30;60m▄[0m[38;2;30;30;60m[48;2;30;30;60m▄[0m[38;2;30;30;60m[48;2;30;30;60m▄[0m[38;2;30;30;60m[48;2;30;30;60m▄[0m[38;2;30;30;60m[48;2;30;30;60m▄[0m[38;2;30;30;60m[48;2;30;30;60m▄[0m[38;2;30;30;60m[48;2;30;30;60m▄[0m[38;2;30;30;60m[48;2;30;30;60m▄[0m[38;2;30;30;60m[48;2;30;30;60m▄[0m[38;2;30;30;60m[48;2;30;30;60m▄[0m[38;2;30;30;60m[48;2;30;30;60m▄[0m[38;2;30;30;60m[48;2;30;30;60m▄[0m[38;2;30;30;60m[48;2;30;30;60m▄[0m[38;2;30;30;60m[48;2;30;30;60m▄[0m[38;2;30;30;60m[48;2;30;30;60m▄[0m[38;2;30;30;60m[48;2;30;30;60m▄[0m[38;2;30;30;60m[48;2;30;30;60m▄[0m[38;2;30;30;60m[48;2;30;30;60m▄[0m[38;2;30;30;60m[48;2;30;30;60m▄[0m[38;2;30;30;60m[48;2;30;30;60m▄[0m[38;2;30;30;60m[48;2;30;30;60m▄[0m[38;2;30;30;60m[48;2;30;30;60m▄[0m[38;2;30;30;60m[48;2;30;30;60m▄[0m[38;2;30;30;60m[48;2;30;30;60m▄[0m[38;2;30;30;60m[48;2;30;30;60m▄[0m[38;2;30;30;60m[48;2;30;30;60m▄[0m[38;2;30;30;60m[48;2;30;30;60m▄[0m[38;2;30;30;60m[48;2;30;30;60m▄[0m[38;2;30;30;60m[48;2;30;30;60m▄[0m[38;2;30;30;60m[48;2;30;30;60m▄[0m[38;2;30;30;60m[48;2;30;30;60m▄[0m[38;2;30;30;60m[48;2;30;30;60m▄[0m[38;2;30;30;60m[48;2;30;30;60m▄[0m[38;2;30;30;60m[48;2;30;30;60m▄[0m[38;2;30;30;60m[48;2;30;30;60m▄[0m[38;2;30;30;60m[48;2;30;30;60m▄[0m[38;2;30;30;60m[48;2;30;30;60m▄[0m[38;2;30;30;60m[48;2;30;30;60m▄[0m[38;2;30;30;60m[48;2;30;30;60m▄[0m[38;2;30;30;60m[48;2;30;30;60m▄[0m[38;2;30;30;60m[48;2;30;30;60m▄[0m[38;2;30;30;60m[48;2;30;30;60m▄[0m[38;2;30;30;60m[48;2;30;30;60m▄[0m[38;2;30;30;60m[48;2;30;30;60m▄[0m[38;2;30;30;60m[48;2;30;30;60m▄[0m[38;2;30;30;60m[48;2;30;30;60m▄[0m[38;2;30;30;60m[48;2;30;30;60m▄[0m[38;2;30;30;60m[48;2;30;30;60m▄[0m[38;2;30;30;60m[48;2;30;30;60m▄[0m
[38;2;30;30;60m[48;2;30;30;60m▄[0m[38;2;30;30;60m[48;2;30;30;60m▄[0m[38;2;30;30;60m[48;2;30;30;60m▄[0m[38;2;30;30;60m[48;2;30;30;60m▄[0m[38;2;30;30;60m[48;2;30;30;60m▄[0m[38;2;30;30;60m[48;2;30;30;60m▄[0m[38;2;30;30;60m[48;2;30;30;60m▄[0m[38;2;30;30;60m[48;2;30;30;60m▄[0m[38;2;30;30;60m[48;2;30;30;60m▄[0m[38;2;30;30;60m[48;2;30;30;60m▄[0m[38;2;30;30;60m[48;2;30;30;60m▄[0m[38;2;30;30;60m[48;2;30;30;60m▄[0m[38;2;30;30;60m[48;2;30;30;60m▄[0m[38;2;30;30;60m[48;2;30;30;60m▄[0m[38;2;30;30;60m[48;2;30;30;60m▄[0m[38;2;30;30;60m[48;2;30;30;60m▄[0m[38;2;30;30;60m[48;2;30;30;60m▄[0m[38;2;30;30;60m[48;2;30;30;60m▄[0m[38;2;30;30;60m[48;2;30;30;60m▄[0m[38;2;30;30;60m[48;2;30;30;60m▄[0m[38;2;30;30;60m[48;2;30;30;60m▄[0m[38;2;30;30;60m[48;2;30;30;60m▄[0m[38;2;30;30;60m[48;2;30;30;60m▄[0m[38;2;30;30;60m[48;2;30;30;60m▄[0m[38;2;30;30;60m[48;2;30;30;60m▄[0m[38;2;30;30;60m[48;2;30;30;60m▄[0m[38;2;30;30;60m[48;2;30;30;60m▄[0m[38;2;30;30;60m[48;2;30;30;60m▄[0m[38;2;30;30;60m[48;2;30;30;60m▄[0m[38;2;30;30;60m[48;2;30;30;60m▄[0m[38;2;30;30;60m[48;2;30;30;60m▄[0m[38;2;30;30;60m[48;2;30;30;60m▄[0m[38;2;30;30;60m[48;2;30;30;60m▄[0m[38;2;30;30;60m[48;2;30;30;60m▄[0m[38;2;30;30;60m[48;2;30;30;60m▄[0m[38;2;30;30;60m[48;2;30;30;60m▄[0m[38;2;30;30;60m[48;2;30;30;60m▄[0m[38;2;30;30;60m[48;2;30;30;60m▄[0m[38;2;30;30;60m[48;2;30;30;60m▄[0m[38;2;30;30;60m[48;2;30;30;60m▄[0m[38;2;30;30;60m[48;2;30;30;60m▄[0m[38;2;30;30;60m[48;2;30;30;60m▄[0m[38;2;30;30;60m[48;2;30;30;60m▄[0m[38;2;30;30;60m[48;2;30;30;60m▄[0m[38;2;30;30;60m[48;2;30;30;60m▄[0m[38;2;30;30;60m[48;2;30;30;60m▄[0m[38;2;30;30;60m[48;2;30;30;60m▄[0m[38;2;30;30;60m[48;2;30;30;60m▄[0m[38;2;30;30;60m[48;2;30;30;60m▄[0m[38;2;30;30;60m[48;2;30;30;60m▄[0m[38;2;30;30;60m[48;2;30;30;60m▄[0m[38;2;30;30;60m[48;2;30;30;60m▄[0m[38;2;30;30;60m[48;2;30;30;60m▄[0m[38;2;30;30;60m[48;2;30;30;60m▄[0m[38;2;30;30;60m[48;2;30;30;60m▄[0m[38;2;30;30;60m[48;2;30;30;60m▄[0m[38;2;30;30;60m[48;2;30;30;60m▄[0m[38;2;30;30;60m[48;2;30;30;60m▄[0m[38;2;30;30;60m[48;2;30;30;60m▄[0m[38;2;30;30;60m[48;2;30;30;60m▄[0m[38;2;30;30;60m[48;2;30;30;60m▄[0m[38;2;30;30;60m[48;2;30;30;60m▄[0m[38;2;30;30;60m[48;2;30;30;60m▄[0m[38;2;30;30;60m[48;2;30;30;60m▄[0m[38;2;30;30;60m[48;2;30;30;60m▄[0m[38;2;30;30;60m[48;2;30;30;60m▄[0m[38;2;30;30;60m[48;2;30;30;60m▄[0m[38;2;30;30;60m[48;2;30;30;60m▄[0m[38;2;30;30;60m[48;2;30;30;60m▄[0m[38;2;30;30;60m[48;2;30;30;60m▄[0m[38;2;30;30;60m[48;2;30;30;60m▄[0m[38;2;30;30;60m[48;2;30;30;60m▄[0m[38;2;30;30;60m[48;2;30;30;60m▄[0m[38;2;30;30;60m[48;2;30;30;60m▄[0m[38;2;30;30;60m[48;2;30;30;60m▄[0m[38;2;30;30;60m[48;2;30;30;60m▄[0m[38;2;30;30;60m[48;2;30;30;60m▄[0m[38;2;30;30;60m[48;2;30;30;60m▄[0m[38;2;30;30;60m[48;2;30;30;60m▄[0m[38;2;30;30;60m[48;2;30;30;60m▄[0m
[38;2;30;30;60m[48;2;30;30;60m▄[0m[38;2;30;30;60m[48;2;30;30;60m▄[0m[38;2;30;30;60m[48;2;30;30;60m▄[0m[38;2;30;30;60m[48;2;30;30;60m▄[0m[38;2;30;30;60m[48;2;30;30;60m▄[0m[38;2;30;30;60m[48;2;30;30;60m▄[0m[38;2;30;30;60m[48;2;30;30;60m▄[0m[38;2;30;30;60m[48;2;30;30;60m▄[0m[38;2;30;30;60m[48;2;30;30;60m▄[0m[38;2;30;30;60m[48;2;30;30;60m▄[0m[38;2;30;30;60m[48;2;30;30;60m▄[0m[38;2;30;30;60m[48;2;30;30;60m▄[0m[38;2;30;30;60m[48;2;30;30;60m▄[0m[38;2;30;30;60m[48;2;30;30;60m▄[0m[38;2;30;30;60m[48;2;30;30;60m▄[0m[38;2;30;30;60m[48;2;30;30;60m▄[0m[38;2;30;30;60m[48;2;30;30;60m▄[0m[38;2;30;30;60m[48;2;30;30;60m▄[0m[38;2;30;30;60m[48;2;30;30;60m▄[0m[38;2;30;30;60m[48;2;30;30;60m▄[0m[38;2;30;30;60m[48;2;30;30;60m▄[0m[38;2;30;30;60m[48;2;30;30;60m▄[0m[38;2;30;30;60m[48;2;30;30;60m▄[0m[38;2;30;30;60m[48;2;30;30;60m▄[0m[38;2;30;30;60m[48;2;30;30;60m▄[0m[38;2;30;30;60m[48;2;30;30;60m▄[0m[38;2;30;30;60m[48;2;30;30;60m▄[0m[38;2;30;30;60m[48;2;30;30;60m▄[0m[38;2;30;30;60m[48;2;30;30;60m▄[0m[38;2;30;30;60m[48;2;30;30;60m▄[0m[38;2;30;30;60m[48;2;30;30;60m▄[0m[38;2;30;30;60m[48;2;30;30;60m▄[0m[38;2;30;30;60m[48;2;30;30;60m▄[0m[38;2;30;30;60m[48;2;30;30;60m▄[0m[38;2;30;30;60m[48;2;30;30;60m▄[0m[38;2;30;30;60m[48;2;30;30;60m▄[0m[38;2;30;30;60m[48;2;30;30;60m▄[0m[38;2;30;30;60m[48;2;30;30;60m▄[0m[38;2;30;30;60m[48;2;30;30;60m▄[0m[38;2;30;30;60m[48;2;30;30;60m▄[0m[38;2;30;30;60m[48;2;30;30;60m▄[0m[38;2;30;30;60m[48;2;30;30;60m▄[0m[38;2;30;30;60m[48;2;30;30;60m▄[0m[38;2;30;30;60m[48;2;30;30;60m▄[0m[38;2;30;30;60m[48;2;30;30;60m▄[0m[38;2;30;30;60m[48;2;30;30;60m▄[0m[38;2;30;30;60m[48;2;30;30;60m▄[0m[38;2;30;30;60m[48;2;30;30;60m▄[0m[38;2;30;30;60m[48;2;30;30;60m▄[0m[38;2;30;30;60m[48;2;30;30;60m▄[0m[38;2;30;30;60m[48;2;30;30;60m▄[0m[38;2;30;30;60m[48;2;30;30;60m▄[0m[38;2;30;30;60m[48;2;30;30;60m▄[0m[38;2;30;30;60m[48;2;30;30;60m▄[0m[38;2;30;30;60m[48;2;30;30;60m▄[0m[38;2;30;30;60m[48;2;30;30;60m▄[0m[38;2;30;30;60m[48;2;30;30;60m▄[0m[38;2;30;30;60m[48;2;30;30;60m▄[0m[38;2;30;30;60m[48;2;30;30;60m▄[0m[38;2;30;30;60m[48;2;30;30;60m▄[0m[38;2;30;30;60m[48;2;30;30;60m▄[0m[38;2;30;30;60m[48;2;30;30;60m▄[0m[38;2;30;30;60m[48;2;30;30;60m▄[0m[38;2;30;30;60m[48;2;30;30;60m▄[0m[38;2;30;30;60m[48;2;30;30;60m▄[0m[38;2;30;30;60m[48;2;30;30;60m▄[0m[38;2;30;30;60m[48;2;30;30;60m▄[0m[38;2;30;30;60m[48;2;30;30;60m▄[0m[38;2;30;30;60m[48;2;30;30;60m▄[0m[38;2;30;30;60m[48;2;30;30;60m▄[0m[38;2;30;30;60m[48;2;30;30;60m▄[0m[38;2;30;30;60m[48;2;30;30;60m▄[0m[38;2;30;30;60m[48;2;30;30;60m▄[0m[38;2;30;30;60m[48;2;30;30;60m▄[0m[38;2;30;30;60m[48;2;30;30;60m▄[0m[38;2;30;30;60m[48;2;30;30;60m▄[0m[38;2;30;30;60m[48;2;30;30;60m▄[0m[38;2;30;30;60m[48;2;30;30;60m▄[0m[38;2;30;30;60m[48;2;30;30;60m▄[0m[38;2;30;30;60m[48;2;30;30;60m▄[0m
[38;2;30;30;60m[48;2;30;30;60m▄[0m[38;2;30;30;60m[48;2;30;30;60m▄[0m[38;2;30;30;60m[48;2;30;30;60m▄[0m[38;2;30;30;60m[48;2;30;30;60m▄[0m[38;2;30;30;60m[48;2;30;30;60m▄[0m[38;2;30;30;60m[48;2;30;30;60m▄[0m[38;2;30;30;60m[48;2;30;30;60m▄[0m[38;2;30;30;60m[48;2;30;30;60m▄[0m[38;2;30;30;60m[48;2;30;30;60m▄[0m[38;2;30;30;60m[48;2;30;30;60m▄[0m[38;2;30;30;60m[48;2;30;30;60m▄[0m[38;2;30;30;60m[48;2;30;30;60m▄[0m[38;2;30;30;60m[48;2;30;30;60m▄[0m[38;2;30;30;60m[48;2;30;30;60m▄[0m[38;2;30;30;60m[48;2;30;30;60m▄[0m[38;2;30;30;60m[48;2;30;30;60m▄[0m[38;2;30;30;60m[48;2;30;30;60m▄[0m[38;2;30;30;60m[48;2;30;30;60m▄[0m[38;2;30;30;60m[48;2;30;30;60m▄[0m[38;2;30;30;60m[48;2;30;30;60m▄[0m[38;2;30;30;60m[48;2;30;30;60m▄[0m[38;2;30;30;60m[48;2;30;30;60m▄[0m[38;2;30;30;60m[48;2;30;30;60m▄[0m[38;2;30;30;60m[48;2;30;30;60m▄[0m[38;2;30;30;60m[48;2;30;30;60m▄[0m[38;2;30;30;60m[48;2;30;30;60m▄[0m[38;2;30;30;60m[48;2;30;30;60m▄[0m[38;2;30;30;60m[48;2;30;30;60m▄[0m[38;2;30;30;60m[48;2;30;30;60m▄[0m[38;2;30;30;60m[48;2;30;30;60m▄[0m[38;2;30;30;60m[48;2;30;30;60m▄[0m[38;2;30;30;60m[48;2;30;30;60m▄[0m[38;2;30;30;60m[48;2;30;30;60m▄[0m[38;2;30;30;60m[48;2;30;30;60m▄[0m[38;2;30;30;60m[48;2;30;30;60m▄[0m[38;2;30;30;60m[48;2;30;30;60m▄[0m[38;2;30;30;60m[48;2;30;30;60m▄[0m[38;2;30;30;60m[48;2;30;30;60m▄[0m[38;2;30;30;60m[48;2;30;30;60m▄[0m[38;2;30;30;60m[48;2;30;30;60m▄[0m[38;2;30;30;60m[48;2;30;30;60m▄[0m[38;2;30;30;60m[48;2;30;30;60m▄[0m[38;2;30;30;60m[48;2;30;30;60m▄[0m[38;2;30;30;60m[48;2;30;30;60m▄[0m[38;2;30;30;60m[48;2;30;30;60m▄[0m[38;2;30;30;60m[48;2;30;30;60m▄[0m[38;2;30;30;60m[48;2;30;30;60m▄[0m[38;2;30;30;60m[48;2;30;30;60m▄[0m[38;2;30;30;60m[48;2;30;30;60m▄[0m[38;2;30;30;60m[48;2;30;30;60m▄[0m[38;2;30;30;60m[48;2;30;30;60m▄[0m[38;2;30;30;60m[48;2;30;30;60m▄[0m[38;2;30;30;60m[48;2;30;30;60m▄[0m[38;2;30;30;60m[48;2;30;30;60m▄[0m[38;2;30;30;60m[48;2;30;30;60m▄[0m[38;2;30;30;60m[48;2;30;30;60m▄[0m[38;2;30;30;60m[48;2;30;30;60m▄[0m[38;2;30;30;60m[48;2;30;30;60m▄[0m[38;2;30;30;60m[48;2;30;30;60m▄[0m[38;2;30;30;60m[48;2;30;30;60m▄[0m[38;2;30;30;60m[48;2;30;30;60m▄[0m[38;2;30;30;60m[48;2;30;30;60m▄[0m[38;2;30;30;60m[48;2;30;30;60m▄[0m[38;2;30;30;60m[48;2;30;30;60m▄[0m[38;2;30;30;60m[48;2;30;30;60m▄[0m[38;2;30;30;60m[48;2;30;30;60m▄[0m[38;2;30;30;60m[48;2;30;30;60m▄[0m[38;2;30;30;60m[48;2;30;30;60m▄[0m[38;2;30;30;60m[48;2;30;30;60m▄[0m[38;2;30;30;60m[48;2;30;30;60m▄[0m[38;2;30;30;60m[48;2;30;30;60m▄[0m[38;2;30;30;60m[48;2;30;30;60m▄[0m[38;2;30;30;60m[48;2;30;30;60m▄[0m[38;2;30;30;60m[48;2;30;30;60m▄[0m[38;2;30;30;60m[48;2;30;30;60m▄[0m[38;2;30;30;60m[48;2;30;30;60m▄[0m[38;2;30;30;60m[48;2;30;30;60m▄[0m[38;2;30;30;60m[48;2;30;30;60m▄[0m[38;2;30;30;60m[48;2;30;30;60m▄[0m[38;2;30;30;60m[48;2;30;30;60m▄[0m
[38;2;30;30;60m[48;2;30;30;60m▄[0m[38;2;30;30;60m[48;2;30;30;60m▄[0m[38;2;30;30;60m[48;2;30;30;60m▄[0m[38;2;30;30;60m[48;2;30;30;60m▄[0m[38;2;30;30;60m[48;2;30;30;60m▄[0m[38;2;30;30;60m[48;2;30;30;60m▄[0m[38;2;30;30;60m[48;2;30;30;60m▄[0m[38;2;30;30;60m[48;2;30;30;60m▄[0m[38;2;30;30;60m[48;2;30;30;60m▄[0m[38;2;30;30;60m[48;2;30;30;60m▄[0m[38;2;30;30;60m[48;2;30;30;60m▄[0m[38;2;30;30;60m[48;2;30;30;60m▄[0m[38;2;30;30;60m[48;2;30;30;60m▄[0m[38;2;30;30;60m[48;2;30;30;60m▄[0m[38;2;30;30;60m[48;2;30;30;60m▄[0m[38;2;30;30;60m[48;2;30;30;60m▄[0m[38;2;30;30;60m[48;2;30;30;60m▄[0m[38;2;30;30;60m[48;2;30;30;60m▄[0m[38;2;30;30;60m[48;2;30;30;60m▄[0m[38;2;30;30;60m[48;2;30;30;60m▄[0m[38;2;30;30;60m[48;2;30;30;60m▄[0m[38;2;30;30;60m[48;2;30;30;60m▄[0m[38;2;30;30;60m[48;2;30;30;60m▄[0m[38;2;30;30;60m[48;2;30;30;60m▄[0m[38;2;30;30;60m[48;2;30;30;60m▄[0m[38;2;30;30;60m[48;2;30;30;60m▄[0m[38;2;30;30;60m[48;2;30;30;60m▄[0m[38;2;30;30;60m[48;2;30;30;60m▄[0m[38;2;30;30;60m[48;2;30;30;60m▄[0m[38;2;30;30;60m[48;2;30;30;60m▄[0m[38;2;30;30;60m[48;2;30;30;60m▄[0m[38;2;30;30;60m[48;2;30;30;60m▄[0m[38;2;30;30;60m[48;2;30;30;60m▄[0m[38;2;30;30;60m[48;2;30;30;60m▄[0m[38;2;30;30;60m[48;2;30;30;60m▄[0m[38;2;30;30;60m[48;2;30;30;60m▄[0m[38;2;30;30;60m[48;2;30;30;60m▄[0m[38;2;30;30;60m[48;2;30;30;60m▄[0m[38;2;30;30;60m[48;2;30;30;60m▄[0m[38;2;30;30;60m[48;2;30;30;60m▄[0m[38;2;30;30;60m[48;2;30;30;60m▄[0m[38;2;30;30;60m[48;2;30;30;60m▄[0m[38;2;30;30;60m[48;2;30;30;60m▄[0m[38;2;30;30;60m[48;2;30;30;60m▄[0m[38;2;30;30;60m[48;2;30;30;60m▄[0m[38;2;30;30;60m[48;2;30;30;60m▄[0m[38;2;30;30;60m[48;2;30;30;60m▄[0m[38;2;30;30;60m[48;2;30;30;60m▄[0m[38;2;30;30;60m[48;2;30;30;60m▄[0m[38;2;30;30;60m[48;2;30;30;60m▄[0m[38;2;30;30;60m[48;2;30;30;60m▄[0m[38;2;30;30;60m[48;2;30;30;60m▄[0m[38;2;30;30;60m[48;2;30;30;60m▄[0m[38;2;30;30;60m[48;2;30;30;60m▄[0m[38;2;30;30;60m[48;2;30;30;60m▄[0m[38;2;30;30;60m[48;2;30;30;60m▄[0m[38;2;30;30;60m[48;2;30;30;60m▄[0m[38;2;30;30;60m[48;2;30;30;60m▄[0m[38;2;30;30;60m[48;2;30;30;60m▄[0m[38;2;30;30;60m[48;2;30;30;60m▄[0m[38;2;30;30;60m[48;2;30;30;60m▄[0m[38;2;30;30;60m[48;2;30;30;60m▄[0m[38;2;30;30;60m[48;2;30;30;60m▄[0m[38;2;30;30;60m[48;2;30;30;60m▄[0m[38;2;30;30;60m[48;2;30;30;60m▄[0m[38;2;30;30;60m[48;2;30;30;60m▄[0m[38;2;30;30;60m[48;2;30;30;60m▄[0m[38;2;30;30;60m[48;2;30;30;60m▄[0m[38;2;30;30;60m[48;2;30;30;60m▄[0m[38;2;30;30;60m[48;2;30;30;60m▄[0m[38;2;30;30;60m[48;2;30;30;60m▄[0m[38;2;30;30;60m[48;2;30;30;60m▄[0m[38;2;30;30;60m[48;2;30;30;60m▄[0m[38;2;30;30;60m[48;2;30;30;60m▄[0m[38;2;30;30;60m[48;2;30;30;60m▄[0m[38;2;30;30;60m[48;2;30;30;60m▄[0m[38;2;30;30;60m[48;2;30;30;60m▄[0m[38;2;30;30;60m[48;2;30;30;60m▄[0m[38;2;30;30;60m[48;2;30;30;60m▄[0m[38;2;30;30;60m[48;2;30;30;60m▄[0m
[38;2;30;30;60m[48;2;30;30;60m▄[0m[38;2;30;30;60m[48;2;30;30;60m▄[0m[38;2;30;30;60m[48;2;30;30;60m▄[0m[38;2;30;30;60m[48;2;30;30;60m▄[0m[38;2;30;30;60m[48;2;30;30;60m▄[0m[38;2;30;30;60m[48;2;30;30;60m▄[0m[38;2;30;30;60m[48;2;30;30;60m▄[0m[38;2;30;30;60m[48;2;30;30;60m▄[0m[38;2;30;30;60m[48;2;30;30;60m▄[0m[38;2;30;30;60m[48;2;30;30;60m▄[0m[38;2;30;30;60m[48;2;30;30;60m▄[0m[38;2;30;30;60m[48;2;30;30;60m▄[0m[38;2;30;30;60m[48;2;30;30;60m▄[0m[38;2;30;30;60m[48;2;30;30;60m▄[0m[38;2;30;30;60m[48;2;30;30;60m▄[0m[38;2;30;30;60m[48;2;30;30;60m▄[0m[38;2;30;30;60m[48;2;30;30;60m▄[0m[38;2;30;30;60m[48;2;30;30;60m▄[0m[38;2;30;30;60m[48;2;30;30;60m▄[0m[38;2;30;30;60m[48;2;30;30;60m▄[0m[38;2;30;30;60m[48;2;30;30;60m▄[0m[38;2;30;30;60m[48;2;30;30;60m▄[0m[38;2;30;30;60m[48;2;30;30;60m▄[0m[38;2;30;30;60m[48;2;30;30;60m▄[0m[38;2;30;30;60m[48;2;30;30;60m▄[0m[38;2;30;30;60m[48;2;30;30;60m▄[0m[38;2;30;30;60m[48;2;30;30;60m▄[0m[38;2;30;30;60m[48;2;30;30;60m▄[0m[38;2;30;30;60m[48;2;30;30;60m▄[0m[38;2;30;30;60m[48;2;30;30;60m▄[0m[38;2;30;30;60m[48;2;30;30;60m▄[0m[38;2;30;30;60m[48;2;30;30;60m▄[0m[38;2;30;30;60m[48;2;30;30;60m▄[0m[38;2;30;30;60m[48;2;30;30;60m▄[0m[38;2;30;30;60m[48;2;30;30;60m▄[0m[38;2;30;30;60m[48;2;30;30;60m▄[0m[38;2;30;30;60m[48;2;30;30;60m▄[0m[38;2;30;30;60m[48;2;30;30;60m▄[0m[38;2;30;30;60m[48;2;30;30;60m▄[0m[38;2;30;30;60m[48;2;30;30;60m▄[0m[38;2;30;30;60m[48;2;30;30;60m▄[0m[38;2;30;30;60m[48;2;30;30;60m▄[0m[38;2;30;30;60m[48;2;30;30;60m▄[0m[38;2;30;30;60m[48;2;30;30;60m▄[0m[38;2;30;30;60m[48;2;30;30;60m▄[0m[38;2;30;30;60m[48;2;30;30;60m▄[0m[38;2;30;30;60m[48;2;30;30;60m▄[0m[38;2;30;30;60m[48;2;30;30;60m▄[0m[38;2;30;30;60m[48;2;30;30;60m▄[0m[38;2;30;30;60m[48;2;30;30;60m▄[0m[38;2;30;30;60m[48;2;30;30;60m▄[0m[38;2;30;30;60m[48;2;30;30;60m▄[0m[38;2;30;30;60m[48;2;30;30;60m▄[0m[38;2;30;30;60m[48;2;30;30;60m▄[0m[38;2;30;30;60m[48;2;30;30;60m▄[0m[38;2;30;30;60m[48;2;30;30;60m▄[0m[38;2;30;30;60m[48;2;30;30;60m▄[0m[38;2;30;30;60m[48;2;30;30;60m▄[0m[38;2;30;30;60m[48;2;30;30;60m▄[0m[38;2;30;30;60m[48;2;30;30;60m▄[0m[38;2;30;30;60m[48;2;30;30;60m▄[0m[38;2;30;30;60m[48;2;30;30;60m▄[0m[38;2;30;30;60m[48;2;30;30;60m▄[0m[38;2;30;30;60m[48;2;30;30;60m▄[0m[38;2;30;30;60m[48;2;30;30;60m▄[0m[38;2;30;30;60m[48;2;30;30;60m▄[0m[38;2;30;30;60m[48;2;30;30;60m▄[0m[38;2;30;30;60m[48;2;30;30;60m▄[0m[38;2;30;30;60m[48;2;30;30;60m▄[0m[38;2;30;30;60m[48;2;30;30;60m▄[0m[38;2;30;30;60m[48;2;30;30;60m▄[0m[38;2;30;30;60m[48;2;30;30;60m▄[0m[38;2;30;30;60m[48;2;30;30;60m▄[0m[38;2;30;30;60m[48;2;30;30;60m▄[0m[38;2;30;30;60m[48;2;30;30;60m▄[0m[38;2;30;30;60m[48;2;30;30;60m▄[0m[38;2;30;30;60m[48;2;30;30;60m▄[0m[38;2;30;30;60m[48;2;30;30;60m▄[0m[38;2;30;30;60m[48;2;30;30;60m▄[0m[38;2;30;30;60m[48;2;30;30;60m▄[0m
[38;2;30;30;60m[48;2;30;30;60m▄[0m[38;2;30;30;60m[48;2;30;30;60m▄[0m[38;2;30;30;60m[48;2;30;30;60m▄[0m[38;2;30;30;60m[48;2;30;30;60m▄[0m[38;2;30;30;60m[48;2;30;30;60m▄[0m[38;2;30;30;60m[48;2;30;30;60m▄[0m[38;2;30;30;60m[48;2;30;30;60m▄[0m[38;2;30;30;60m[48;2;30;30;60m▄[0m[38;2;30;30;60m[48;2;30;30;60m▄[0m[38;2;30;30;60m[48;2;30;30;60m▄[0m[38;2;30;30;60m[48;2;30;30;60m▄[0m[38;2;30;30;60m[48;2;30;30;60m▄[0m[38;2;30;30;60m[48;2;30;30;60m▄[0m[38;2;30;30;60m[48;2;30;30;60m▄[0m[38;2;30;30;60m[48;2;30;30;60m▄[0m[38;2;30;30;60m[48;2;30;30;60m▄[0m[38;2;30;30;60m[48;2;30;30;60m▄[0m[38;2;30;30;60m[48;2;30;30;60m▄[0m[38;2;30;30;60m[48;2;30;30;60m▄[0m[38;2;30;30;60m[48;2;30;30;60m▄[0m[38;2;30;30;60m[48;2;30;30;60m▄[0m[38;2;30;30;60m[48;2;30;30;60m▄[0m[38;2;30;30;60m[48;2;30;30;60m▄[0m[38;2;30;30;60m[48;2;30;30;60m▄[0m[38;2;30;30;60m[48;2;30;30;60m▄[0m[38;2;30;30;60m[48;2;30;30;60m▄[0m[38;2;30;30;60m[48;2;30;30;60m▄[0m[38;2;30;30;60m[48;2;30;30;60m▄[0m[38;2;30;30;60m[48;2;30;30;60m▄[0m[38;2;30;30;60m[48;2;30;30;60m▄[0m[38;2;30;30;60m[48;2;30;30;60m▄[0m[38;2;30;30;60m[48;2;30;30;60m▄[0m[38;2;30;30;60m[48;2;30;30;60m▄[0m[38;2;30;30;60m[48;2;30;30;60m▄[0m[38;2;30;30;60m[48;2;30;30;60m▄[0m[38;2;30;30;60m[48;2;30;30;60m▄[0m[38;2;30;30;60m[48;2;30;30;60m▄[0m[38;2;30;30;60m[48;2;30;30;60m▄[0m[38;2;30;30;60m[48;2;30;30;60m▄[0m[38;2;30;30;60m[48;2;30;30;60m▄[0m[38;2;30;30;60m[48;2;30;30;60m▄[0m[38;2;30;30;60m[48;2;30;30;60m▄[0m[38;2;30;30;60m[48;2;30;30;60m▄[0m[38;2;30;30;60m[48;2;30;30;60m▄[0m[38;2;30;30;60m[48;2;30;30;60m▄[0m[38;2;30;30;60m[48;2;30;30;60m▄[0m[38;2;30;30;60m[48;2;30;30;60m▄[0m[38;2;30;30;60m[48;2;30;30;60m▄[0m[38;2;30;30;60m[48;2;30;30;60m▄[0m[38;2;30;30;60m[48;2;30;30;60m▄[0m[38;2;30;30;60m[48;2;30;30;60m▄[0m[38;2;30;30;60m[48;2;30;30;60m▄[0m[38;2;30;30;60m[48;2;30;30;60m▄[0m[38;2;30;30;60m[48;2;30;30;60m▄[0m[38;2;30;30;60m[48;2;30;30;60m▄[0m[38;2;30;30;60m[48;2;30;30;60m▄[0m[38;2;30;30;60m[48;2;30;30;60m▄[0m[38;2;30;30;60m[48;2;30;30;60m▄[0m[38;2;30;30;60m[48;2;30;30;60m▄[0m[38;2;30;30;60m[48;2;30;30;60m▄[0m[38;2;30;30;60m[48;2;30;30;60m▄[0m[38;2;30;30;60m[48;2;30;30;60m▄[0m[38;2;30;30;60m[48;2;30;30;60m▄[0m[38;2;30;30;60m[48;2;30;30;60m▄[0m[38;2;30;30;60m[48;2;30;30;60m▄[0m[38;2;30;30;60m[48;2;30;30;60m▄[0m[38;2;30;30;60m[48;2;30;30;60m▄[0m[38;2;30;30;60m[48;2;30;30;60m▄[0m[38;2;30;30;60m[48;2;30;30;60m▄[0m[38;2;30;30;60m[48;2;30;30;60m▄[0m[38;2;30;30;60m[48;2;30;30;60m▄[0m[38;2;30;30;60m[48;2;30;30;60m▄[0m[38;2;30;30;60m[48;2;30;30;60m▄[0m[38;2;30;30;60m[48;2;30;30;60m▄[0m[38;2;30;30;60m[48;2;30;30;60m▄[0m[38;2;30;30;60m[48;2;30;30;60m▄[0m[38;2;30;30;60m[48;2;30;30;60m▄[0m[38;2;30;30;60m[48;2;30;30;60m▄[0m[38;2;30;30;60m[48;2;30;30;60m▄[0m[38;2;30;30;60m[48;2;30;30;60m▄[0m
[38;2;30;30;60m[48;2;30;30;60m▄[0m[38;2;30;30;60m[48;2;30;30;60m▄[0m[38;2;30;30;60m[48;2;30;30;60m▄[0m[38;2;30;30;60m[48;2;30;30;60m▄[0m[38;2;30;30;60m[48;2;30;30;60m▄[0m[38;2;30;30;60m[48;2;30;30;60m▄[0m[38;2;30;30;60m[48;2;30;30;60m▄[0m[38;2;30;30;60m[48;2;30;30;60m▄[0m[38;2;30;30;60m[48;2;30;30;60m▄[0m[38;2;30;30;60m[48;2;30;30;60m▄[0m[38;2;30;30;60m[48;2;30;30;60m▄[0m[38;2;30;30;60m[48;2;30;30;60m▄[0m[38;2;30;30;60m[48;2;30;30;60m▄[0m[38;2;30;30;60m[48;2;30;30;60m▄[0m[38;2;30;30;60m[48;2;30;30;60m▄[0m[38;2;30;30;60m[48;2;30;30;60m▄[0m[38;2;30;30;60m[48;2;30;30;60m▄[0m[38;2;30;30;60m[48;2;30;30;60m▄[0m[38;2;30;30;60m[48;2;30;30;60m▄[0m[38;2;30;30;60m[48;2;30;30;60m▄[0m[38;2;30;30;60m[48;2;30;30;60m▄[0m[38;2;30;30;60m[48;2;30;30;60m▄[0m[38;2;30;30;60m[48;2;30;30;60m▄[0m[38;2;30;30;60m[48;2;30;30;60m▄[0m[38;2;30;30;60m[48;2;30;30;60m▄[0m[38;2;30;30;60m[48;2;30;30;60m▄[0m[38;2;30;30;60m[48;2;30;30;60m▄[0m[38;2;30;30;60m[48;2;30;30;60m▄[0m[38;2;30;30;60m[48;2;30;30;60m▄[0m[38;2;30;30;60m[48;2;30;30;60m▄[0m[38;2;30;30;60m[48;2;30;30;60m▄[0m[38;2;30;30;60m[48;2;30;30;60m▄[0m[38;2;30;30;60m[48;2;30;30;60m▄[0m[38;2;30;30;60m[48;2;30;30;60m▄[0m[38;2;30;30;60m[48;2;30;30;60m▄[0m[38;2;30;30;60m[48;2;30;30;60m▄[0m[38;2;30;30;60m[48;2;30;30;60m▄[0m[38;2;30;30;60m[48;2;30;30;60m▄[0m[38;2;30;30;60m[48;2;30;30;60m▄[0m[38;2;30;30;60m[48;2;30;30;60m▄[0m[38;2;30;30;60m[48;2;30;30;60m▄[0m[38;2;30;30;60m[48;2;30;30;60m▄[0m[38;2;30;30;60m[48;2;30;30;60m▄[0m[38;2;30;30;60m[48;2;30;30;60m▄[0m[38;2;30;30;60m[48;2;30;30;60m▄[0m[38;2;30;30;60m[48;2;30;30;60m▄[0m[38;2;30;30;60m[48;2;30;30;60m▄[0m[38;2;30;30;60m[48;2;30;30;60m▄[0m[38;2;30;30;60m[48;2;30;30;60m▄[0m[38;2;30;30;60m[48;2;30;30;60m▄[0m[38;2;30;30;60m[48;2;30;30;60m▄[0m[38;2;30;30;60m[48;2;30;30;60m▄[0m[38;2;30;30;60m[48;2;30;30;60m▄[0m[38;2;30;30;60m[48;2;30;30;60m▄[0m[38;2;30;30;60m[48;2;30;30;60m▄[0m[38;2;30;30;60m[48;2;30;30;60m▄[0m[38;2;30;30;60m[48;2;30;30;60m▄[0m[38;2;30;30;60m[48;2;30;30;60m▄[0m[38;2;30;30;60m[48;2;30;30;60m▄[0m[38;2;30;30;60m[48;2;30;30;60m▄[0m[38;2;30;30;60m[48;2;30;30;60m▄[0m[38;2;30;30;60m[48;2;30;30;60m▄[0m[38;2;30;30;60m[48;2;30;30;60m▄[0m[38;2;30;30;60m[48;2;30;30;60m▄[0m[38;2;30;30;60m[48;2;30;30;60m▄[0m[38;2;30;30;60m[48;2;30;30;60m▄[0m[38;2;30;30;60m[48;2;30;30;60m▄[0m[38;2;30;30;60m[48;2;30;30;60m▄[0m[38;2;30;30;60m[48;2;30;30;60m▄[0m[38;2;30;30;60m[48;2;30;30;60m▄[0m[38;2;30;30;60m[48;2;30;30;60m▄[0m[38;2;30;30;60m[48;2;30;30;60m▄[0m[38;2;30;30;60m[48;2;30;30;60m▄[0m[38;2;30;30;60m[48;2;30;30;60m▄[0m[38;2;30;30;60m[48;2;30;30;60m▄[0m[38;2;30;30;60m[48;2;30;30;60m▄[0m[38;2;30;30;60m[48;2;30;30;60m▄[0m[38;2;30;30;60m[48;2;30;30;60m▄[0m[38;2;30;30;60m[48;2;30;30;60m▄[0m[38;2;30;30;60m[48;2;30;30;60m▄[0m
[38;2;30;30;60m[48;2;30;30;60m▄[0m[38;2;30;30;60m[48;2;30;30;60m▄[0m[38;2;30;30;60m[48;2;30;30;60m▄[0m[38;2;30;30;60m[48;2;30;30;60m▄[0m[38;2;30;30;60m[48;2;30;30;60m▄[0m[38;2;30;30;60m[48;2;30;30;60m▄[0m[38;2;30;30;60m[48;2;30;30;60m▄[0m[38;2;30;30;60m[48;2;30;30;60m▄[0m[38;2;30;30;60m[48;2;30;30;60m▄[0m[38;2;30;30;60m[48;2;30;30;60m▄[0m[38;2;30;30;60m[48;2;30;30;60m▄[0m[38;2;30;30;60m[48;2;30;30;60m▄[0m[38;2;30;30;60m[48;2;30;30;60m▄[0m[38;2;30;30;60m[48;2;30;30;60m▄[0m[38;2;30;30;60m[48;2;30;30;60m▄[0m[38;2;30;30;60m[48;2;30;30;60m▄[0m[38;2;30;30;60m[48;2;30;30;60m▄[0m[38;2;30;30;60m[48;2;30;30;60m▄[0m[38;2;30;30;60m[48;2;30;30;60m▄[0m[38;2;30;30;60m[48;2;30;30;60m▄[0m[38;2;30;30;60m[48;2;30;30;60m▄[0m[38;2;30;30;60m[48;2;30;30;60m▄[0m[38;2;30;30;60m[48;2;30;30;60m▄[0m[38;2;30;30;60m[48;2;30;30;60m▄[0m[38;2;30;30;60m[48;2;30;30;60m▄[0m[38;2;30;30;60m[48;2;30;30;60m▄[0m[38;2;30;30;60m[48;2;30;30;60m▄[0m[38;2;30;30;60m[48;2;30;30;60m▄[0m[38;2;30;30;60m[48;2;30;30;60m▄[0m[38;2;30;30;60m[48;2;30;30;60m▄[0m[38;2;30;30;60m[48;2;30;30;60m▄[0m[38;2;30;30;60m[48;2;30;30;60m▄[0m[38;2;30;30;60m[48;2;30;30;60m▄[0m[38;2;30;30;60m[48;2;30;30;60m▄[0m[38;2;30;30;60m[48;2;30;30;60m▄[0m[38;2;30;30;60m[48;2;30;30;60m▄[0m[38;2;30;30;60m[48;2;30;30;60m▄[0m[38;2;30;30;60m[48;2;30;30;60m▄[0m[38;2;30;30;60m[48;2;30;30;60m▄[0m[38;2;30;30;60m[48;2;30;30;60m▄[0m[38;2;30;30;60m[48;2;30;30;60m▄[0m[38;2;30;30;60m[48;2;30;30;60m▄[0m[38;2;30;30;60m[48;2;30;30;60m▄[0m[38;2;30;30;60m[48;2;30;30;60m▄[0m[38;2;30;30;60m[48;2;30;30;60m▄[0m[38;2;30;30;60m[48;2;30;30;60m▄[0m[38;2;30;30;60m[48;2;30;30;60m▄[0m[38;2;30;30;60m[48;2;30;30;60m▄[0m[38;2;30;30;60m[48;2;30;30;60m▄[0m[38;2;30;30;60m[48;2;30;30;60m▄[0m[38;2;30;30;60m[48;2;30;30;60m▄[0m[38;2;30;30;60m[48;2;30;30;60m▄[0m[38;2;30;30;60m[48;2;30;30;60m▄[0m[38;2;30;30;60m[48;2;30;30;60m▄[0m[38;2;30;30;60m[48;2;30;30;60m▄[0m[38;2;30;30;60m[48;2;30;30;60m▄[0m[38;2;30;30;60m[48;2;30;30;60m▄[0m[38;2;30;30;60m[48;2;30;30;60m▄[0m[38;2;30;30;60m[48;2;30;30;60m▄[0m[38;2;30;30;60m[48;2;30;30;60m▄[0m[38;2;30;30;60m[48;2;30;30;60m▄[0m[38;2;30;30;60m[48;2;30;30;60m▄[0m[38;2;30;30;60m[48;2;30;30;60m▄[0m[38;2;30;30;60m[48;2;30;30;60m▄[0m[38;2;30;30;60m[48;2;30;30;60m▄[0m[38;2;30;30;60m[48;2;30;30;60m▄[0m[38;2;30;30;60m[48;2;30;30;60m▄[0m[38;2;30;30;60m[48;2;30;30;60m▄[0m[38;2;30;30;60m[48;2;30;30;60m▄[0m[38;2;30;30;60m[48;2;30;30;60m▄[0m[38;2;30;30;60m[48;2;30;30;60m▄[0m[38;2;30;30;60m[48;2;30;30;60m▄[0m[38;2;30;30;60m[48;2;30;30;60m▄[0m[38;2;30;30;60m[48;2;30;30;60m▄[0m[38;2;30;30;60m[48;2;30;30;60m▄[0m[38;2;30;30;60m[48;2;30;30;60m▄[0m[38;2;30;30;60m[48;2;30;30;60m▄[0m[38;2;30;30;60m[48;2;30;30;60m▄[0m[38;2;30;30;60m[48;2;30;30;60m▄[0m[38;2;30;30;60m[48;2;30;30;60m▄[0m
[38;2;30;30;60m[48;2;30;30;60m▄[0m[38;2;30;30;60m[48;2;30;30;60m▄[0m[38;2;30;30;60m[48;2;30;30;60m▄[0m[38;2;30;30;60m[48;2;30;30;60m▄[0m[38;2;30;30;60m[48;2;30;30;60m▄[0m[38;2;30;30;60m[48;2;30;30;60m▄[0m[38;2;30;30;60m[48;2;30;30;60m▄[0m[38;2;30;30;60m[48;2;30;30;60m▄[0m[38;2;30;30;60m[48;2;30;30;60m▄[0m[38;2;30;30;60m[48;2;30;30;60m▄[0m[38;2;30;30;60m[48;2;30;30;60m▄[0m[38;2;30;30;60m[48;2;30;30;60m▄[0m[38;2;30;30;60m[48;2;30;30;60m▄[0m[38;2;30;30;60m[48;2;30;30;60m▄[0m[38;2;30;30;60m[48;2;30;30;60m▄[0m[38;2;30;30;60m[48;2;30;30;60m▄[0m[38;2;30;30;60m[48;2;30;30;60m▄[0m[38;2;30;30;60m[48;2;30;30;60m▄[0m[38;2;30;30;60m[48;2;30;30;60m▄[0m[38;2;30;30;60m[48;2;30;30;60m▄[0m[38;2;30;30;60m[48;2;30;30;60m▄[0m[38;2;30;30;60m[48;2;30;30;60m▄[0m[38;2;30;30;60m[48;2;30;30;60m▄[0m[38;2;30;30;60m[48;2;30;30;60m▄[0m[38;2;30;30;60m[48;2;30;30;60m▄[0m[38;2;30;30;60m[48;2;30;30;60m▄[0m[38;2;30;30;60m[48;2;30;30;60m▄[0m[38;2;30;30;60m[48;2;30;30;60m▄[0m[38;2;30;30;60m[48;2;30;30;60m▄[0m[38;2;30;30;60m[48;2;30;30;60m▄[0m[38;2;30;30;60m[48;2;30;30;60m▄[0m[38;2;30;30;60m[48;2;30;30;60m▄[0m[38;2;30;30;60m[48;2;30;30;60m▄[0m[38;2;30;30;60m[48;2;30;30;60m▄[0m[38;2;30;30;60m[48;2;30;30;60m▄[0m[38;2;30;30;60m[48;2;30;30;60m▄[0m[38;2;30;30;60m[48;2;30;30;60m▄[0m[38;2;30;30;60m[48;2;30;30;60m▄[0m[38;2;30;30;60m[48;2;30;30;60m▄[0m[38;2;30;30;60m[48;2;30;30;60m▄[0m[38;2;30;30;60m[48;2;30;30;60m▄[0m[38;2;30;30;60m[48;2;30;30;60m▄[0m[38;2;30;30;60m[48;2;30;30;60m▄[0m[38;2;30;30;60m[48;2;30;30;60m▄[0m[38;2;30;30;60m[48;2;30;30;60m▄[0m[38;2;30;30;60m[48;2;30;30;60m▄[0m[38;2;30;30;60m[48;2;30;30;60m▄[0m[38;2;30;30;60m[48;2;30;30;60m▄[0m[38;2;30;30;60m[48;2;30;30;60m▄[0m[38;2;30;30;60m[48;2;30;30;60m▄[0m[38;2;30;30;60m[48;2;30;30;60m▄[0m[38;2;30;30;60m[48;2;30;30;60m▄[0m[38;2;30;30;60m[48;2;30;30;60m▄[0m[38;2;30;30;60m[48;2;30;30;60m▄[0m[38;2;30;30;60m[48;2;30;30;60m▄[0m[38;2;30;30;60m[48;2;30;30;60m▄[0m[38;2;30;30;60m[48;2;30;30;60m▄[0m[38;2;30;30;60m[48;2;30;30;60m▄[0m[38;2;30;30;60m[48;2;30;30;60m▄[0m[38;2;30;30;60m[48;2;30;30;60m▄[0m[38;2;30;30;60m[48;2;30;30;60m▄[0m[38;2;30;30;60m[48;2;30;30;60m▄[0m[38;2;30;30;60m[48;2;30;30;60m▄[0m[38;2;30;30;60m[48;2;30;30;60m▄[0m[38;2;30;30;60m[48;2;30;30;60m▄[0m[38;2;30;30;60m[48;2;30;30;60m▄[0m[38;2;30;30;60m[48;2;30;30;60m▄[0m[38;2;30;30;60m[48;2;30;30;60m▄[0m[38;2;30;30;60m[48;2;30;30;60m▄[0m[38;2;30;30;60m[48;2;30;30;60m▄[0m[38;2;30;30;60m[48;2;30;30;60m▄[0m[38;2;30;30;60m[48;2;30;30;60m▄[0m[38;2;30;30;60m[48;2;30;30;60m▄[0m[38;2;30;30;60m[48;2;30;30;60m▄[0m[38;2;30;30;60m[48;2;30;30;60m▄[0m[38;2;30;30;60m[48;2;30;30;60m▄[0m[38;2;30;30;60m[48;2;30;30;60m▄[0m[38;2;30;30;60m[48;2;30;30;60m▄[0m[38;2;30;30;60m[48;2;30;30;60m▄[0m[38;2;30;30;60m[48;2;30;30;60m▄[0m
[38;2;30;30;60m[48;2;30;30;60m▄[0m[38;2;30;30;60m[48;2;30;30;60m▄[0m[38;2;30;30;60m[48;2;30;30;60m▄[0m[38;2;30;30;60m[48;2;30;30;60m▄[0m[38;2;30;30;60m[48;2;30;30;60m▄[0m[38;2;30;30;60m[48;2;30;30;60m▄[0m[38;2;30;30;60m[48;2;30;30;60m▄[0m[38;2;30;30;60m[48;2;30;30;60m▄[0m[38;2;30;30;60m[48;2;30;30;60m▄[0m[38;2;30;30;60m[48;2;30;30;60m▄[0m[38;2;30;30;60m[48;2;30;30;60m▄[0m[38;2;30;30;60m[48;2;30;30;60m▄[0m[38;2;30;30;60m[48;2;30;30;60m▄[0m[38;2;30;30;60m[48;2;30;30;60m▄[0m[38;2;30;30;60m[48;2;30;30;60m▄[0m[38;2;30;30;60m[48;2;30;30;60m▄[0m[38;2;30;30;60m[48;2;30;30;60m▄[0m[38;2;30;30;60m[48;2;30;30;60m▄[0m[38;2;30;30;60m[48;2;30;30;60m▄[0m[38;2;30;30;60m[48;2;30;30;60m▄[0m[38;2;30;30;60m[48;2;30;30;60m▄[0m[38;2;30;30;60m[48;2;30;30;60m▄[0m[38;2;30;30;60m[48;2;30;30;60m▄[0m[38;2;30;30;60m[48;2;30;30;60m▄[0m[38;2;30;30;60m[48;2;30;30;60m▄[0m[38;2;30;30;60m[48;2;30;30;60m▄[0m[38;2;30;30;60m[48;2;30;30;60m▄[0m[38;2;30;30;60m[48;2;30;30;60m▄[0m[38;2;30;30;60m[48;2;30;30;60m▄[0m[38;2;30;30;60m[48;2;30;30;60m▄[0m[38;2;30;30;60m[48;2;30;30;60m▄[0m[38;2;30;30;60m[48;2;30;30;60m▄[0m[38;2;30;30;60m[48;2;30;30;60m▄[0m[38;2;30;30;60m[48;2;30;30;60m▄[0m[38;2;30;30;60m[48;2;30;30;60m▄[0m[38;2;30;30;60m[48;2;30;30;60m▄[0m[38;2;30;30;60m[48;2;30;30;60m▄[0m[38;2;30;30;60m[48;2;30;30;60m▄[0m[38;2;30;30;60m[48;2;30;30;60m▄[0m[38;2;30;30;60m[48;2;30;30;60m▄[0m[38;2;30;30;60m[48;2;30;30;60m▄[0m[38;2;30;30;60m[48;2;30;30;60m▄[0m[38;2;30;30;60m[48;2;30;30;60m▄[0m[38;2;30;30;60m[48;2;30;30;60m▄[0m[38;2;30;30;60m[48;2;30;30;60m▄[0m[38;2;30;30;60m[48;2;30;30;60m▄[0m[38;2;30;30;60m[48;2;30;30;60m▄[0m[38;2;30;30;60m[48;2;30;30;60m▄[0m[38;2;30;30;60m[48;2;30;30;60m▄[0m[38;2;30;30;60m[48;2;30;30;60m▄[0m[38;2;30;30;60m[48;2;30;30;60m▄[0m[38;2;30;30;60m[48;2;30;30;60m▄[0m[38;2;30;30;60m[48;2;30;30;60m▄[0m[38;2;30;30;60m[48;2;30;30;60m▄[0m[38;2;30;30;60m[48;2;30;30;60m▄[0m[38;2;30;30;60m[48;2;30;30;60m▄[0m[38;2;30;30;60m[48;2;30;30;60m▄[0m[38;2;30;30;60m[48;2;30;30;60m▄[0m[38;2;30;30;60m[48;2;30;30;60m▄[0m[38;2;30;30;60m[48;2;30;30;60m▄[0m[38;2;30;30;60m[48;2;30;30;60m▄[0m[38;2;30;30;60m[48;2;30;30;60m▄[0m[38;2;30;30;60m[48;2;30;30;60m▄[0m[38;2;30;30;60m[48;2;30;30;60m▄[0m[38;2;30;30;60m[48;2;30;30;60m▄[0m[38;2;30;30;60m[48;2;30;30;60m▄[0m[38;2;30;30;60m[48;2;30;30;60m▄[0m[38;2;30;30;60m[48;2;30;30;60m▄[0m[38;2;30;30;60m[48;2;30;30;60m▄[0m[38;2;30;30;60m[48;2;30;30;60m▄[0m[38;2;30;30;60m[48;2;30;30;60m▄[0m[38;2;30;30;60m[48;2;30;30;60m▄[0m[38;2;30;30;60m[48;2;30;30;60m▄[0m[38;2;30;30;60m[48;2;30;30;60m▄[0m[38;2;30;30;60m[48;2;30;30;60m▄[0m[38;2;30;30;60m[48;2;30;30;60m▄[0m[38;2;30;30;60m[48;2;30;30;60m▄[0m[38;2;30;30;60m[48;2;30;30;60m▄[0m[38;2;30;30;60m[48;2;30;30;60m▄[0m[38;2;30;30;60m[48;2;30;30;60m▄[0m
[38;2;30;30;60m[48;2;30;30;60m▄[0m[38;2;30;30;60m[48;2;30;30;60m▄[0m[38;2;30;30;60m[48;2;30;30;60m▄[0m[38;2;30;30;60m[48;2;30;30;60m▄[0m[38;2;30;30;60m[48;2;30;30;60m▄[0m[38;2;30;30;60m[48;2;30;30;60m▄[0m[38;2;30;30;60m[48;2;30;30;60m▄[0m[38;2;30;30;60m[48;2;30;30;60m▄[0m[38;2;30;30;60m[48;2;30;30;60m▄[0m[38;2;30;30;60m[48;2;30;30;60m▄[0m[38;2;30;30;60m[48;2;30;30;60m▄[0m[38;2;30;30;60m[48;2;30;30;60m▄[0m[38;2;30;30;60m[48;2;30;30;60m▄[0m[38;2;30;30;60m[48;2;30;30;60m▄[0m[38;2;30;30;60m[48;2;30;30;60m▄[0m[38;2;30;30;60m[48;2;30;30;60m▄[0m[38;2;30;30;60m[48;2;30;30;60m▄[0m[38;2;30;30;60m[48;2;30;30;60m▄[0m[38;2;30;30;60m[48;2;30;30;60m▄[0m[38;2;30;30;60m[48;2;30;30;60m▄[0m[38;2;30;30;60m[48;2;30;30;60m▄[0m[38;2;30;30;60m[48;2;30;30;60m▄[0m[38;2;30;30;60m[48;2;30;30;60m▄[0m[38;2;30;30;60m[48;2;30;30;60m▄[0m[38;2;30;30;60m[48;2;30;30;60m▄[0m[38;2;30;30;60m[48;2;30;30;60m▄[0m[38;2;30;30;60m[48;2;30;30;60m▄[0m[38;2;30;30;60m[48;2;30;30;60m▄[0m[38;2;30;30;60m[48;2;30;30;60m▄[0m[38;2;30;30;60m[48;2;30;30;60m▄[0m[38;2;30;30;60m[48;2;30;30;60m▄[0m[38;2;30;30;60m[48;2;30;30;60m▄[0m[38;2;30;30;60m[48;2;30;30;60m▄[0m[38;2;30;30;60m[48;2;30;30;60m▄[0m[38;2;30;30;60m[48;2;30;30;60m▄[0m[38;2;30;30;60m[48;2;30;30;60m▄[0m[38;2;30;30;60m[48;2;30;30;60m▄[0m[38;2;30;30;60m[48;2;30;30;60m▄[0m[38;2;30;30;60m[48;2;30;30;60m▄[0m[38;2;30;30;60m[48;2;30;30;60m▄[0m[38;2;30;30;60m[48;2;30;30;60m▄[0m[38;2;30;30;60m[48;2;30;30;60m▄[0m[38;2;30;30;60m[48;2;30;30;60m▄[0m[38;2;30;30;60m[48;2;30;30;60m▄[0m[38;2;30;30;60m[48;2;30;30;60m▄[0m[38;2;30;30;60m[48;2;30;30;60m▄[0m[38;2;30;30;60m[48;2;30;30;60m▄[0m[38;2;30;30;60m[48;2;30;30;60m▄[0m[38;2;30;30;60m[48;2;30;30;60m▄[0m[38;2;30;30;60m[48;2;30;30;60m▄[0m[38;2;30;30;60m[48;2;30;30;60m▄[0m[38;2;30;30;60m[48;2;30;30;60m▄[0m[38;2;30;30;60m[48;2;30;30;60m▄[0m[38;2;30;30;60m[48;2;30;30;60m▄[0m[38;2;30;30;60m[48;2;30;30;60m▄[0m[38;2;30;30;60m[48;2;30;30;60m▄[0m[38;2;30;30;60m[48;2;30;30;60m▄[0m[38;2;30;30;60m[48;2;30;30;60m▄[0m[38;2;30;30;60m[48;2;30;30;60m▄[0m[38;2;30;30;60m[48;2;30;30;60m▄[0m[38;2;30;30;60m[48;2;30;30;60m▄[0m[38;2;30;30;60m[48;2;30;30;60m▄[0m[38;2;30;30;60m[48;2;30;30;60m▄[0m[38;2;30;30;60m[48;2;30;30;60m▄[0m[38;2;30;30;60m[48;2;30;30;60m▄[0m[38;2;30;30;60m[48;2;30;30;60m▄[0m[38;2;30;30;60m[48;2;30;30;60m▄[0m[38;2;30;30;60m[48;2;30;30;60m▄[0m[38;2;30;30;60m[48;2;30;30;60m▄[0m[38;2;30;30;60m[48;2;30;30;60m▄[0m[38;2;30;30;60m[48;2;30;30;60m▄[0m[38;2;30;30;60m[48;2;30;30;60m▄[0m[38;2;30;30;60m[48;2;30;30;60m▄[0m[38;2;30;30;60m[48;2;30;30;60m▄[0m[38;2;30;30;60m[48;2;30;30;60m▄[0m[38;2;30;30;60m[48;2;30;30;60m▄[0m[38;2;30;30;60m[48;2;30;30;60m▄[0m[38;2;30;30;60m[48;2;30;30;60m▄[0m[38;2;30;30;60m[48;2;30;30;60m▄[0m[38;2;30;30;60m[48;2;30;30;60m▄[0m
[38;2;30;30;60m[48;2;30;30;60m▄[0m[38;2;30;30;60m[48;2;30;30;60m▄[0m[38;2;30;30;60m[48;2;30;30;60m▄[0m[38;2;30;30;60m[48;2;30;30;60m▄[0m[38;2;30;30;60m[48;2;30;30;60m▄[0m[38;2;30;30;60m[48;2;30;30;60m▄[0m[38;2;30;30;60m[48;2;30;30;60m▄[0m[38;2;30;30;60m[48;2;30;30;60m▄[0m[38;2;30;30;60m[48;2;30;30;60m▄[0m[38;2;30;30;60m[48;2;30;30;60m▄[0m[38;2;30;30;60m[48;2;30;30;60m▄[0m[38;2;30;30;60m[48;2;30;30;60m▄[0m[38;2;30;30;60m[48;2;30;30;60m▄[0m[38;2;30;30;60m[48;2;30;30;60m▄[0m[38;2;30;30;60m[48;2;30;30;60m▄[0m[38;2;30;30;60m[48;2;30;30;60m▄[0m[38;2;30;30;60m[48;2;30;30;60m▄[0m[38;2;30;30;60m[48;2;30;30;60m▄[0m[38;2;30;30;60m[48;2;30;30;60m▄[0m[38;2;30;30;60m[48;2;30;30;60m▄[0m[38;2;30;30;60m[48;2;30;30;60m▄[0m[38;2;30;30;60m[48;2;30;30;60m▄[0m[38;2;30;30;60m[48;2;30;30;60m▄[0m[38;2;30;30;60m[48;2;30;30;60m▄[0m[38;2;30;30;60m[48;2;30;30;60m▄[0m[38;2;30;30;60m[48;2;30;30;60m▄[0m[38;2;30;30;60m[48;2;30;30;60m▄[0m[38;2;30;30;60m[48;2;30;30;60m▄[0m[38;2;30;30;60m[48;2;30;30;60m▄[0m[38;2;30;30;60m[48;2;30;30;60m▄[0m[38;2;30;30;60m[48;2;30;30;60m▄[0m[38;2;30;30;60m[48;2;30;30;60m▄[0m[38;2;30;30;60m[48;2;30;30;60m▄[0m[38;2;30;30;60m[48;2;30;30;60m▄[0m[38;2;30;30;60m[48;2;30;30;60m▄[0m[38;2;30;30;60m[48;2;30;30;60m▄[0m[38;2;30;30;60m[48;2;30;30;60m▄[0m[38;2;30;30;60m[48;2;30;30;60m▄[0m[38;2;30;30;60m[48;2;30;30;60m▄[0m[38;2;30;30;60m[48;2;30;30;60m▄[0m[38;2;30;30;60m[48;2;30;30;60m▄[0m[38;2;30;30;60m[48;2;30;30;60m▄[0m[38;2;30;30;60m[48;2;30;30;60m▄[0m[38;2;30;30;60m[48;2;30;30;60m▄[0m[38;2;30;30;60m[48;2;30;30;60m▄[0m[38;2;30;30;60m[48;2;30;30;60m▄[0m[38;2;30;30;60m[48;2;30;30;60m▄[0m[38;2;30;30;60m[48;2;30;30;60m▄[0m[38;2;30;30;60m[48;2;30;30;60m▄[0m[38;2;30;30;60m[48;2;30;30;60m▄[0m[38;2;30;30;60m[48;2;30;30;60m▄[0m[38;2;30;30;60m[48;2;30;30;60m▄[0m[38;2;30;30;60m[48;2;30;30;60m▄[0m[38;2;30;30;60m[48;2;30;30;60m▄[0m[38;2;30;30;60m[48;2;30;30;60m▄[0m[38;2;30;30;60m[48;2;30;30;60m▄[0m[38;2;30;30;60m[48;2;30;30;60m▄[0m[38;2;30;30;60m[48;2;30;30;60m▄[0m[38;2;30;30;60m[48;2;30;30;60m▄[0m[38;2;30;30;60m[48;2;30;30;60m▄[0m[38;2;30;30;60m[48;2;30;30;60m▄[0m[38;2;30;30;60m[48;2;30;30;60m▄[0m[38;2;30;30;60m[48;2;30;30;60m▄[0m[38;2;30;30;60m[48;2;30;30;60m▄[0m[38;2;30;30;60m[48;2;30;30;60m▄[0m[38;2;30;30;60m[48;2;30;30;60m▄[0m[38;2;30;30;60m[48;2;30;30;60m▄[0m[38;2;30;30;60m[48;2;30;30;60m▄[0m[38;2;30;30;60m[48;2;30;30;60m▄[0m[38;2;30;30;60m[48;2;30;30;60m▄[0m[38;2;30;30;60m[48;2;30;30;60m▄[0m[38;2;30;30;60m[48;2;30;30;60m▄[0m[38;2;30;30;60m[48;2;30;30;60m▄[0m[38;2;30;30;60m[48;2;30;30;60m▄[0m[38;2;30;30;60m[48;2;30;30;60m▄[0m[38;2;30;30;60m[48;2;30;30;60m▄[0m[38;2;30;30;60m[48;2;30;30;60m▄[0m[38;2;30;30;60m[48;2;30;30;60m▄[0m[38;2;30;30;60m[48;2;30;30;60m▄[0m[38;2;30;30;60m[48;2;30;30;60m▄[0m



























































